202.70.0.128,['/\n']
www-d1.proxy.aol.com,"['/images/shuttle-patch-small.gif\n', '/images/launch-logo.gif\n', '/images/KSC-logosmall.gif\n', '/shuttle/technology/sts-newsref/srb.html\n', '/shuttle/technology/images/srb_16-small.gif\n', '/images/shuttle-patch-logo.gif\n', '/shuttle/technology/sts-newsref/sts_asm.html\n', '/shuttle/technology/images/srb_mod_compare_1-small.gif\n', '/shuttle/technology/images/srb_mod_compare_6-small.gif\n', '/shuttle/technology/images/srb_mod_compare_3-small.gif\n', '/\n', '/whats-new.html\n', '/images/whatsnew.gif\n', '/elv/elvpage.htm\n', '/elv/elvhead3.gif\n', '/elv/endball.gif\n', '/elv/hot.gif\n', '/elv/PEGASUS/minpeg1.gif\n', '/elv/SCOUT/scout.gif\n', '/elv/DELTA/delta.gif\n', '/elv/ATLAS_CENTAUR/atlas.gif\n', '/elv/TITAN/titan.gif\n', '/elv/whnew.htm\n', '/elv/elvhead2.gif\n', '/elv/vidpicp.htm\n', '/elv/TITAN/mars2s.jpg\n', '/elv/TITAN/mars1s.jpg\n', '/elv/TITAN/mars3s.jpg\n', '/elv/ATLAS_CENTAUR/atc69s.jpg\n', '/elv/DELTA/del181s.gif\n', '/elv/ATLAS_CENTAUR/goess.jpg\n', '/elv/ATLAS_CENTAUR/acsuns.jpg\n', '/elv/DELTA/dsolidss.jpg\n', '/elv/SCOUT/radcals.jpg\n', '/elv/DELTA/euves.jpg\n', '/elv/DELTA/rosats.jpg\n', '/elv/SCOUT/s_216s.jpg\n', '/elv/DELTA/dsolids.jpg\n', '/history/history.html\n']"
dialip-24.athenet.net,['/history/apollo/apollo-13.html\n']
rd-p19.supernet.ab.ca,"['/ksc.html\n', '/images/ksclogo-medium.gif\n', '/images/NASA-logosmall.gif\n', '/images/USA-logosmall.gif\n', '/images/MOSAIC-logosmall.gif\n', '/images/WORLD-logosmall.gif\n', '/shuttle/missions/sts-71/movies/movies.html\n', '/shuttle/missions/sts-71/movies/sts-71-launch-3.mpg\n']"
wtaskr1.ccinet.ab.ca,"['/\n', '/images/ksclogo-medium.gif\n', '/images/NASA-logosmall.gif\n', '/images/MOSAIC-logosmall.gif\n', '/images/USA-logosmall.gif\n', '/images/WORLD-logosmall.gif\n', '/shuttle/missions/sts-68/ksc-srl-image.html\n', '/shuttle/missions/sts-68/images/ksc-upclose.gif\n', '/shuttle/missions/sts-68/images/ksc.gif\n']"
198.161.85.36,['/history/apollo/apollo.html\n']
lutzp.tigernet.net,"['/software/winvn/winvn.html\n', '/software/winvn/winvn.gif\n', '/images/construct.gif\n', '/software/winvn/bluemarb.gif\n', '/software/winvn/wvsmall.gif\n', '/images/KSC-logosmall.gif\n', '/images/MOSAIC-logosmall.gif\n', '/images/USA-logosmall.gif\n', '/images/WORLD-logosmall.gif\n', '/ksc.html\n', '/images/NASA-logosmall.gif\n', '/images/ksclogo-medium.gif\n']"
ppp20.pacificrim.net,"['/history/apollo/apollo-11/apollo-11-patch-small.gif\n', '/history/apollo/apollo-11/apollo-11.html\n', '/history/apollo/images/footprint-logo.gif\n']"
sakura.crl.go.jp,"['/\n', '/images/ksclogo-medium.gif\n', '/images/NASA-logosmall.gif\n', '/images/MOSAIC-logosmall.gif\n', '/images/USA-logosmall.gif\n', '/images/WORLD-logosmall.gif\n', '/shuttle/missions/missions.html\n', '/images/launchmedium.gif\n', '/images/KSC-logosmall.gif\n', '/shuttle/missions/sts-70/mission-sts-70.html\n', '/shuttle/missions/sts-70/sts-70-patch-small.gif\n', '/images/launch-logo.gif\n', '/history/apollo/images/apollo-logo1.gif\n', '/shuttle/missions/sts-76/mission-sts-76.html\n', '/shuttle/missions/sts-76/sts-76-patch-small.gif\n', '/facilities/opf.html\n', '/images/opf-logo.gif\n', '/images/ksclogosmall.gif\n', '/images/kscmap-tiny.gif\n', '/ksc.html\n']"
ncg-69.axionet.com,"['/shuttle/countdown/countdown.html\n', '/shuttle/countdown/count70.gif\n', '/cgi-bin/imagemap/countdown70?66', '/images/NASA-logosmall.gif\n', '/images/KSC-logosmall.gif\n', '/cgi-bin/imagemap/countdown70?242', '/shuttle/technology/sts-newsref/stsref-toc.html\n', '/images/shuttle-patch-small.gif\n', '/images/launch-logo.gif\n', '/shuttle/technology/sts-newsref/sts-eps.html\n', '/images/shuttle-patch-logo.gif\n']"
eris139.mayo.edu,['/persons/astronauts/a-to-d/CrippenRL.txt\n']
194.157.109.130,"['/history/history.html\n', '/history/apollo/images/apollo-small.gif\n', '/history/rocket-history.txt\n']"
scctn02.sp.ac.sg,"['/\n', '/images/ksclogo-medium.gif\n']"
128.135.36.35,"['/images/launchmedium.gif\n', '/images/NASA-logosmall.gif\n', '/images/KSC-logosmall.gif\n']"
ts6-11.westwood.ts.ucla.edu,"['/ksc.html\n', '/images/ksclogo-medium.gif\n', '/images/NASA-logosmall.gif\n', '/images/MOSAIC-logosmall.gif\n', '/images/USA-logosmall.gif\n', '/images/WORLD-logosmall.gif\n', '/shuttle/countdown/\n', '/images/KSC-logosmall.gif\n', '/shuttle/countdown/count70.gif\n', '/shuttle/missions/sts-70/mission-sts-70.html\n', '/shuttle/countdown/liftoff.html\n', '/shuttle/countdown/video/livevideo2.gif\n', '/htbin/cdt_clock.pl\n', '/shuttle/countdown/countdown.html\n']"
novalord.nova.co.jp,"['/facilities/opf.html\n', '/images/opf-logo.gif\n']"
dynamic-ara3.csuchico.edu,['/ksc.html\n']
csclass.utdallas.edu,['/shuttle/missions/sts-68/mission-sts-68.html\n']
stockyard17.onramp.net,"['/shuttle/missions/missions.html\n', '/images/launchmedium.gif\n', '/images/NASA-logosmall.gif\n', '/images/KSC-logosmall.gif\n', '/shuttle/missions/sts-44/mission-sts-44.html\n', '/shuttle/missions/sts-44/sts-44-patch-small.gif\n', '/images/launch-logo.gif\n', '/history/apollo/images/apollo-logo1.gif\n', '/shuttle/resources/orbiters/atlantis.html\n', '/shuttle/resources/orbiters/atlantis-logo.gif\n', '/images/ksclogosmall.gif\n', '/shuttle/resources/orbiters/orbiters-logo.gif\n', '/shuttle/resources/orbiters/endeavour.html\n', '/shuttle/resources/orbiters/endeavour-logo.gif\n', '/shuttle/missions/sts-49/mission-sts-49.html\n', '/shuttle/missions/sts-49/sts-49-patch-small.gif\n', '/facilities/lc39a.html\n', '/images/lc39a-logo.gif\n', '/images/kscmap-tiny.gif\n', '/ksc.html\n', '/images/USA-logosmall.gif\n', '/images/WORLD-logosmall.gif\n', '/images/MOSAIC-logosmall.gif\n', '/images/ksclogo-medium.gif\n']"
www-c1.proxy.aol.com,"['/shuttle/missions/sts-71/mission-sts-71.html\n', '/history/apollo/apollo.html\n', '/history/apollo/apollo-spacecraft.txt\n', '/history/apollo/apollo-sa.html\n', '/history/apollo/images/little-joe.gif\n', '/history/apollo/images/footprint-logo.gif\n', '/history/apollo/images/apollo-logo.gif\n', '/history/apollo/sa-1/sa-1.html\n', '/history/apollo/images/apollo-insignia.gif\n', '/history/apollo/sa-2/sa-2.html\n', '/history/apollo/sa-3/sa-3.html\n', '/history/apollo/sa-4/sa-4.html\n', '/history/apollo/sa-5/sa-5.html\n', '/history/apollo/sa-6/sa-6.html\n', '/history/apollo/sa-7/sa-7.html\n', '/history/apollo/sa-8/sa-8.html\n', '/history/apollo/sa-8/sa-8-patch-small.gif\n', '/history/apollo/sa-9/sa-9.html\n', '/history/apollo/sa-10/sa-10.html\n']"
delorme.richard.i4e000.ic.gc.ca,"['/shuttle/technology/images/mission_profile_2-small.gif\n', '/shuttle/technology/images/tal_abort_2-small.gif\n', '/shuttle/technology/images/sts_spec_6-small.gif\n', '/shuttle/technology/images/launch_sites_8-small.gif\n']"
mallard2.duc.auburn.edu,"['/history/apollo/apollo-11/apollo-11.html\n', '/history/apollo/apollo-10/apollo-10.html\n', '/history/apollo/apollo-10/apollo-10-info.html\n', '/shuttle/missions/missions.html\n', '/shuttle/missions/sts-9/mission-sts-9.html\n', '/shuttle/missions/sts-8/mission-sts-8.html\n', '/shuttle/missions/sts-26/mission-sts-26.html\n', '/shuttle/missions/51-l/mission-51-l.html\n', '/shuttle/missions/51-l/51-l-info.html\n', '/shuttle/missions/51-l/movies/\n', '/shuttle/missions/51-l/sounds/\n', '/shuttle/missions/51-l/images/\n', '/shuttle/missions/sts-70/mission-sts-70.html\n', '/shuttle/countdown/\n', '/htbin/cdt_main.pl\n', '/shuttle/countdown/liftoff.html\n']"
dd15-053.compuserve.com,"['/\n', '/images/ksclogo-medium.gif\n', '/images/NASA-logosmall.gif\n', '/images/MOSAIC-logosmall.gif\n', '/images/USA-logosmall.gif\n', '/images/WORLD-logosmall.gif\n', '/shuttle/missions/sts-69/mission-sts-69.html\n', '/shuttle/missions/sts-69/sts-69-patch-small.gif\n', '/images/KSC-logosmall.gif\n', '/images/launch-logo.gif\n', '/history/apollo/images/apollo-logo1.gif\n']"
futurcom.nai.net,"['/shuttle/missions/sts-70/mission-sts-70.html\n', '/shuttle/missions/sts-70/sts-70-patch-small.gif\n', '/images/launch-logo.gif\n', '/history/apollo/images/apollo-logo1.gif\n', '/images/KSC-logosmall.gif\n', '/shuttle/technology/sts-newsref/sts_mes.html\n', '/shuttle/missions/rollbacks.html\n', '/images/rollback.gif\n']"
hayes.worldgate.com,"['/history/apollo/images/footprint-small.gif\n', '/images/KSC-logosmall.gif\n', '/history/apollo/images/apollo-logo1.gif\n', '/history/apollo/apollo-13/apollo-13.html\n', '/history/apollo/apollo-13/apollo-13-patch-small.gif\n', '/images/ksclogosmall.gif\n', '/history/apollo/images/footprint-logo.gif\n']"
k12.oit.umass.edu,['/history/apollo/apollo-13/apollo-13.html\n']
freenet2.scri.fsu.edu,"['/\n', '/shuttle/countdown/\n']"
www-d4.proxy.aol.com,"['/images/rollout.gif\n', '/shuttle/missions/sts-71/images/images.html\n', '/shuttle/missions/sts-71/images/KSC-95EC-0882.gif\n', '/shuttle/missions/sts-71/images/KSC-95EC-0911.jpg\n']"
www-b2.proxy.aol.com,"['/ksc.html\n', '/images/NASA-logosmall.gif\n', '/images/MOSAIC-logosmall.gif\n', '/images/USA-logosmall.gif\n', '/images/WORLD-logosmall.gif\n', '/images/\n', '/shuttle/countdown\n', '/shuttle/countdown/\n', '/images/KSC-logosmall.gif\n', '/shuttle/missions/sts-71/sts-71-press-kit.txt\n', '/images/shuttle-patch-small.gif\n']"
itws.info.eng.niigata-u.ac.jp,"['/ksc.html/\n', '/images/ksclogo-medium.gif\n', '/images/NASA-logosmall.gif\n', '/images/MOSAIC-logosmall.gif\n', '/images/USA-logosmall.gif\n', '/images/WORLD-logosmall.gif\n', '/ksc.html/facts/about_ksc.html\n', '/images/KSC-logosmall.gif\n']"
ix-aus4-15.ix.netcom.com,"['/\n', '/images/ksclogo-medium.gif\n', '/images/NASA-logosmall.gif\n', '/images/MOSAIC-logosmall.gif\n', '/images/USA-logosmall.gif\n', '/images/WORLD-logosmall.gif\n', '/history/history.html\n', '/history/apollo/images/apollo-small.gif\n', '/images/KSC-logosmall.gif\n', '/history/apollo/apollo.html\n', '/history/apollo/images/footprint-small.gif\n', '/history/apollo/images/apollo-logo1.gif\n', '/history/apollo/flight-summary.txt\n']"
h96-158.ccnet.com,"['/\n', '/images/ksclogo-medium.gif\n', '/images/NASA-logosmall.gif\n', '/images/MOSAIC-logosmall.gif\n', '/images/WORLD-logosmall.gif\n', '/images/USA-logosmall.gif\n', '/shuttle/countdown/\n', '/images/KSC-logosmall.gif\n', '/shuttle/countdown/count70.gif\n', '/cgi-bin/imagemap/countdown70?113', '/shuttle/missions/missions.html\n', '/images/launchmedium.gif\n', '/history/history.html\n', '/history/apollo/images/apollo-small.gif\n', '/history/mercury/mercury.html\n', '/images/mercury-logo.gif\n', '/history/apollo/images/apollo-logo.gif\n', '/images/ksclogosmall.gif\n', '/history/mercury/mercury-spacecraft.txt\n', '/history/apollo/apollo.html\n', '/history/apollo/images/footprint-small.gif\n', '/history/apollo/images/apollo-logo1.gif\n', '/history/apollo/apollo-sa.html\n', '/history/apollo/images/little-joe.gif\n', '/history/apollo/images/footprint-logo.gif\n', '/history/apollo/a-001/a-001.html\n', '/history/apollo/images/apollo-insignia.gif\n', '/history/apollo/a-001/a-001-info.html\n', '/history/apollo/a-001/a-001-patch-small.gif\n', '/history/apollo/a-001/movies/\n', '/history/apollo/a-001/images/\n', '/history/apollo/a-004/a-004.html\n', '/history/apollo/a-004/a-004-info.html\n']"
mail.cmsi-emd.com,"['/\n', '/images/ksclogo-medium.gif\n', '/images/NASA-logosmall.gif\n', '/images/MOSAIC-logosmall.gif\n', '/images/USA-logosmall.gif\n', '/images/WORLD-logosmall.gif\n']"
gatekeeper.us.oracle.com,"['/facts/about_ksc.html\n', '/images/NASA-logosmall.gif\n', '/images/KSC-logosmall.gif\n', '/images/launchpalms-small.gif\n', '/ksc.html\n', '/images/ksclogo-medium.gif\n', '/images/MOSAIC-logosmall.gif\n', '/images/USA-logosmall.gif\n', '/images/WORLD-logosmall.gif\n']"
ad06-061.compuserve.com,"['/history/apollo/apollo-13/apollo-13.html\n', '/history/apollo/apollo-13/apollo-13-patch-small.gif\n', '/images/ksclogosmall.gif\n', '/history/apollo/images/footprint-logo.gif\n']"
info.telenor.no,"['/shuttle/missions/missions.html\n', '/images/launchmedium.gif\n', '/images/KSC-logosmall.gif\n', '/shuttle/missions/sts-69/mission-sts-69.html\n', '/shuttle/missions/sts-69/sts-69-patch-small.gif\n', '/images/launch-logo.gif\n', '/history/apollo/images/apollo-logo1.gif\n', '/shuttle/missions/sts-73/mission-sts-73.html\n', '/shuttle/missions/sts-73/sts-73-patch-small.gif\n', '/shuttle/missions/sts-74/mission-sts-74.html\n', '/shuttle/missions/sts-74/sts-74-patch-small.gif\n', '/history/history.html\n', '/history/apollo/images/apollo-small.gif\n', '/history/rocket-history.txt\n', '/history/early-astronauts.txt\n']"
port26.ts1.msstate.edu,"['/shuttle/technology/sts-newsref/stsover.html\n', '/images/KSC-logosmall.gif\n', '/images/shuttle-patch-logo.gif\n', '/shuttle/missions/sts-71/mission-sts-71.html\n', '/images/launch-logo.gif\n', '/history/apollo/images/apollo-logo1.gif\n', '/shuttle/missions/sts-71/sts-71-patch-small.gif\n', '/shuttle/resources/orbiters/atlantis.html\n', '/shuttle/resources/orbiters/atlantis-logo.gif\n', '/images/ksclogosmall.gif\n', '/shuttle/resources/orbiters/orbiters-logo.gif\n', '/shuttle/resources/orbiters/discovery.html\n', '/shuttle/resources/orbiters/discovery-logo.gif\n', '/shuttle/resources/orbiters/columbia.html\n', '/shuttle/resources/orbiters/columbia-logo.gif\n', '/shuttle/missions/sts-40/mission-sts-40.html\n', '/shuttle/missions/sts-40/sts-40-patch-small.gif\n', '/history/history.html\n', '/history/apollo/images/apollo-small.gif\n', '/images/NASA-logosmall.gif\n', '/shuttle/missions/missions.html\n', '/images/launchmedium.gif\n', '/images/launch.gif\n', '/shuttle/missions/sts-70/mission-sts-70.html\n', '/shuttle/missions/sts-70/sts-70-patch-small.gif\n', '/shuttle/missions/sts-70/sts-70-info.html\n', '/shuttle/missions/sts-70/images/images.html\n']"
ad10-015.compuserve.com,"['/shuttle/missions/51-l/mission-51-l.html\n', '/shuttle/missions/51-l/51-l-patch-small.gif\n']"
marimo.kushiro-ct.ac.jp,"['/shuttle/countdown/countdown.html\n', '/shuttle/countdown/count70.gif\n', '/images/NASA-logosmall.gif\n', '/images/KSC-logosmall.gif\n', '/cgi-bin/imagemap/countdown70?350']"
ix-den6-22.ix.netcom.com,"['/\n', '/images/ksclogo-medium.gif\n', '/images/USA-logosmall.gif\n', '/images/NASA-logosmall.gif\n', '/images/MOSAIC-logosmall.gif\n', '/images/WORLD-logosmall.gif\n']"
port42.ts2.msstate.edu,"['/images/shuttle-patch-small.gif\n', '/shuttle/technology/sts-newsref/stsref-toc.html\n', '/images/KSC-logosmall.gif\n', '/images/launch-logo.gif\n']"
js002.cc.utsunomiya-u.ac.jp,"['/shuttle/missions/sts-70/mission-sts-70.html\n', '/shuttle/missions/sts-70/sts-70-patch-small.gif\n', '/shuttle/resources/orbiters/discovery.html\n', '/shuttle/resources/orbiters/discovery-logo.gif\n', '/shuttle/resources/orbiters/orbiters-logo.gif\n', '/shuttle/resources/orbiters/discovery.gif\n', '/shuttle/resources/orbiters/endeavour.html\n', '/shuttle/resources/orbiters/endeavour-logo.gif\n', '/shuttle/resources/orbiters/endeavour.gif\n', '/images/launch.gif\n']"
ad14-027.compuserve.com,"['/shuttle/missions/sts-67/mission-sts-67.html\n', '/shuttle/missions/sts-67/sts-67-patch-small.gif\n', '/images/KSC-logosmall.gif\n', '/images/launch-logo.gif\n', '/history/apollo/images/apollo-logo1.gif\n', '/history/history.html\n', '/history/apollo/images/apollo-small.gif\n', '/images/NASA-logosmall.gif\n', '/shuttle/missions/missions.html\n', '/images/launchmedium.gif\n', '/history/apollo/apollo.html\n', '/history/apollo/images/footprint-small.gif\n', '/history/apollo/apollo-13/apollo-13.html\n', '/history/apollo/apollo-13/apollo-13-patch-small.gif\n', '/images/ksclogosmall.gif\n', '/history/apollo/images/footprint-logo.gif\n']"
kenko2.hyogo-ths.hyogo.kobe.jp,"['/history/apollo/apollo.html\n', '/history/apollo/images/footprint-small.gif\n', '/images/KSC-logosmall.gif\n', '/history/apollo/images/apollo-logo1.gif\n', '/history/history.html\n', '/history/apollo/images/apollo-small.gif\n', '/images/NASA-logosmall.gif\n', '/ksc.html\n', '/images/ksclogo-medium.gif\n', '/images/MOSAIC-logosmall.gif\n', '/images/USA-logosmall.gif\n', '/images/WORLD-logosmall.gif\n', '/images/ksclogo.gif\n', '/history/apollo/apollo-13/apollo-13.html\n', '/history/apollo/apollo-13/apollo-13-patch-small.gif\n', '/images/ksclogosmall.gif\n', '/history/apollo/images/footprint-logo.gif\n', '/facilities/lc39a.html\n', '/images/kscmap-tiny.gif\n', '/images/lc39a-logo.gif\n']"
www-c4.proxy.aol.com,"['/shuttle/missions/sts-69/mission-sts-69.html\n', '/persons/nasa-cm/jmd.html\n', '/persons/nasa-cm/jmd.gif\n']"
kay-abernathy.tenet.edu,"['/shuttle/missions/sts-71/movies/movies.html\n', '/shuttle/missions/sts-71/docs/\n', '/shuttle/missions/sts-71/\n']"
www-d3.proxy.aol.com,"['/\n', '/images/ksclogo-medium.gif\n', '/images/NASA-logosmall.gif\n', '/images/MOSAIC-logosmall.gif\n', '/images/USA-logosmall.gif\n', '/images/WORLD-logosmall.gif\n', '/shuttle/missions/sts-71/mission-sts-71.html\n', '/images/KSC-logosmall.gif\n', '/history/apollo/images/apollo-logo1.gif\n', '/shuttle/missions/sts-71/sts-71-patch-small.gif\n', '/shuttle/countdown/\n', '/shuttle/missions/sts-71/movies/movies.html\n', '/shuttle/missions/sts-71/movies/sts-71-mir-dock-2.mpg\n', '/images/\n', '/icons/blank.xbm\n', '/icons/image.xbm\n', '/icons/menu.xbm\n', '/icons/unknown.xbm\n', '/history/history.html\n', '/history/apollo/apollo.html\n', '/history/apollo/images/footprint-small.gif\n', '/history/apollo/apollo-spacecraft.txt\n']"
ix-phx5-25.ix.netcom.com,"['/\n', '/images/ksclogo-medium.gif\n', '/images/NASA-logosmall.gif\n', '/images/MOSAIC-logosmall.gif\n', '/images/USA-logosmall.gif\n', '/images/WORLD-logosmall.gif\n', '/shuttle/missions/missions.html\n', '/images/launchmedium.gif\n', '/images/KSC-logosmall.gif\n']"
fat.coara.or.jp,"['/history/apollo/apollo.html\n', '/history/apollo/images/footprint-small.gif\n', '/images/KSC-logosmall.gif\n', '/history/apollo/images/apollo-logo1.gif\n']"
dialup34.aloha.com,"['/software/winvn/winvn.html\n', '/software/winvn/winvn.gif\n', '/images/construct.gif\n', '/software/winvn/bluemarb.gif\n', '/software/winvn/wvsmall.gif\n', '/images/KSC-logosmall.gif\n', '/images/MOSAIC-logosmall.gif\n', '/images/USA-logosmall.gif\n', '/images/WORLD-logosmall.gif\n']"
134.50.205.24,['/shuttle/missions/100th.html\n']
gw1.att.com,"['/shuttle/missions/sts-73/mission-sts-73.html\n', '/images/launch-logo.gif\n', '/history/apollo/images/apollo-logo1.gif\n', '/images/KSC-logosmall.gif\n', '/shuttle/missions/sts-73/sts-73-patch-small.gif\n', '/shuttle/missions/sts-73/news\n', '/shuttle/missions/sts-73/news/\n', '/icons/menu.xbm\n', '/icons/text.xbm\n', '/icons/blank.xbm\n']"
151.155.219.44,"['/shuttle/missions/sts-66/sts-66-patch-small.gif\n', '/shuttle/missions/sts-66/mission-sts-66.html\n']"
net167.metronet.com,['/shuttle/missions/sts-71/movies/crew-arrival.mpg\n']
haraway.ucet.ufl.edu,"['/facilities/lc39a.html\n', '/images/lc39a-logo.gif\n', '/images/kscmap-tiny.gif\n', '/images/rss.gif\n', '/facilities/mlp.html\n', '/images/mlp-logo.gif\n', '/shuttle/missions/sts-70/o-ring-problem.gif\n', '/shuttle/missions/sts-71/mission-sts-71.html\n', '/shuttle/missions/sts-71/sts-71-patch-small.gif\n', '/shuttle/technology/sts-newsref/sts_asm.html\n', '/shuttle/technology/images/srb_mod_compare_6-small.gif\n', '/shuttle/technology/images/srb_mod_compare_1-small.gif\n', '/images/shuttle-patch-logo.gif\n', '/shuttle/technology/images/srb_mod_compare_3-small.gif\n', '/ksc.html\n', '/images/ksclogo-medium.gif\n', '/images/NASA-logosmall.gif\n', '/images/MOSAIC-logosmall.gif\n', '/images/USA-logosmall.gif\n', '/images/WORLD-logosmall.gif\n', '/shuttle/countdown/\n', '/shuttle/countdown/count70.gif\n', '/cgi-bin/imagemap/countdown70?199', '/shuttle/countdown/lps/fr.html\n', '/shuttle/countdown/lps/back.gif\n', '/shuttle/countdown/lps/fr.gif\n', '/cgi-bin/imagemap/fr?264', '/shuttle/countdown/lps/bkup-intg/bkup-intg.html\n', '/shuttle/countdown/lps/images/BKUP-INT.gif\n', '/shuttle/missions/sts-71/movies/movies.html\n', '/shuttle/missions/sts-71/movies/sts-71-tcdt-crew-walkout.mpg\n', '/shuttle/missions/sts-71/movies/sts-71-rollover.mpg\n']"
port13.wavenet.com,"['/\n', '/images/ksclogo-medium.gif\n', '/images/NASA-logosmall.gif\n', '/images/MOSAIC-logosmall.gif\n', '/images/USA-logosmall.gif\n', '/images/WORLD-logosmall.gif\n']"
www-d2.proxy.aol.com,"['/shuttle/missions/missions.html\n', '/images/launchmedium.gif\n', '/images/NASA-logosmall.gif\n', '/images/KSC-logosmall.gif\n', '/shuttle/missions/sts-69/mission-sts-69.html\n', '/shuttle/missions/sts-69/sts-69-patch-small.gif\n', '/images/launch-logo.gif\n', '/history/apollo/images/apollo-logo1.gif\n', '/shuttle/missions/sts-70/o-ring-problem.gif\n']"
wyndmoor1-7.slip.netaxs.com,"['/history/mercury/mercury.html\n', '/images/mercury-logo.gif\n', '/images/ksclogosmall.gif\n', '/history/apollo/images/apollo-logo.gif\n', '/history/history.html\n', '/history/apollo/images/apollo-small.gif\n', '/images/NASA-logosmall.gif\n', '/images/KSC-logosmall.gif\n', '/history/mercury/mr-3/mr-3.html\n', '/history/mercury/mr-3/mr-3-patch-small.gif\n', '/history/apollo/images/APOLLO-logosmall.gif\n']"
slippc6.cs.nps.navy.mil,['/shuttle/\n']
linuser19.li.net,"['/software/winvn/winvn.html\n', '/software/winvn/winvn.gif\n', '/images/construct.gif\n', '/software/winvn/wvsmall.gif\n', '/images/KSC-logosmall.gif\n', '/software/winvn/bluemarb.gif\n', '/images/MOSAIC-logosmall.gif\n', '/images/USA-logosmall.gif\n', '/images/WORLD-logosmall.gif\n']"
centauri.tksc.nasda.go.jp,"['/\n', '/images/ksclogo-medium.gif\n', '/images/NASA-logosmall.gif\n', '/images/MOSAIC-logosmall.gif\n', '/images/USA-logosmall.gif\n', '/images/WORLD-logosmall.gif\n', '/facts/about_ksc.html\n', '/images/launchpalms-small.gif\n', '/images/KSC-logosmall.gif\n', '/facilities/lc39a.html\n', '/images/lc39a-logo.gif\n', '/images/kscmap-tiny.gif\n', '/images/ksclogosmall.gif\n']"
physpc9.csu.murdoch.edu.au,"['/shuttle/missions/missions.html\n', '/images/launchmedium.gif\n', '/shuttle/countdown/\n', '/images/KSC-logosmall.gif\n', '/images/NASA-logosmall.gif\n', '/shuttle/countdown/count70.gif\n', '/htbin/cdt_main.pl\n', '/shuttle/countdown/images/countclock.gif\n', '/shuttle/countdown/countdown.html\n', '/shuttle/missions/sts-70/mission-sts-70.html\n']"
192.127.139.163,"['/\n', '/facilities/crawler.html\n', '/images/crawler-logo.gif\n', '/images/rollout.gif\n']"
ts2-002.jaxnet.com,"['/software/winvn/winvn.html\n', '/software/winvn/winvn.gif\n', '/images/construct.gif\n', '/software/winvn/bluemarb.gif\n', '/software/winvn/wvsmall.gif\n', '/images/KSC-logosmall.gif\n', '/images/MOSAIC-logosmall.gif\n', '/images/USA-logosmall.gif\n', '/images/WORLD-logosmall.gif\n']"
ix-cha-nc1-02.ix.netcom.com,"['/shuttle/countdown/liftoff.html\n', '/images/NASA-logosmall.gif\n', '/shuttle/countdown/video/livevideo2.gif\n', '/htbin/cdt_clock.pl\n', '/shuttle/missions/missions.html\n', '/images/launchmedium.gif\n', '/images/KSC-logosmall.gif\n', '/shuttle/missions/sts-71/mission-sts-71.html\n', '/shuttle/missions/sts-71/sts-71-patch-small.gif\n', '/history/apollo/images/apollo-logo1.gif\n', '/images/launch-logo.gif\n', '/history/history.html\n', '/history/apollo/images/apollo-small.gif\n']"
dialup-2-139.gw.umn.edu,"['/history/apollo/apollo.html\n', '/history/apollo/images/footprint-small.gif\n', '/images/KSC-logosmall.gif\n', '/history/apollo/images/apollo-logo1.gif\n', '/history/apollo/apollo-11/apollo-11.html\n', '/history/apollo/apollo-11/apollo-11-patch-small.gif\n', '/images/ksclogosmall.gif\n', '/history/apollo/images/footprint-logo.gif\n', '/shuttle/resources/orbiters/columbia.html\n', '/shuttle/resources/orbiters/columbia-logo.gif\n', '/shuttle/resources/orbiters/orbiters-logo.gif\n', '/facilities/mlp.html\n', '/images/mlp-logo.gif\n', '/images/kscmap-tiny.gif\n', '/history/apollo/apollo-11/apollo-11-info.html\n', '/history/apollo/apollo-11/images/\n', '/icons/blank.xbm\n', '/icons/image.xbm\n', '/icons/menu.xbm\n', '/history/apollo/apollo-11/images/index.gif\n', '/history/apollo/apollo-8/apollo-8.html\n', '/history/apollo/apollo-8/apollo-8-patch-small.gif\n', '/history/apollo/apollo-8/apollo-8-info.html\n', '/history/apollo/apollo-8/images/\n', '/history/apollo/apollo-8/images/68HC678.GIF\n', '/history/apollo/apollo-8/images/68HC731.GIF\n', '/history/apollo/apollo-8/images/68HC870.GIF\n', '/history/apollo/apollo-8/images/69HC2.GIF\n', '/history/apollo/apollo-8/images/69HC21.GIF\n']"
www-c3.proxy.aol.com,"['/cgi-bin/imagemap/countdown70?285', '/htbin/cdt_main.pl\n', '/shuttle/countdown/images/countclock.gif\n', '/shuttle/countdown/count.html\n', '/images/\n', '/images/NASA-logosmall.gif\n', '/images/USA-logosmall.gif\n', '/images/ksclogo-medium.gif\n', '/images/WORLD-logosmall.gif\n', '/shuttle/countdown/\n', '/images/KSC-logosmall.gif\n', '/cgi-bin/imagemap/countdown70?288', '/shuttle/countdown/liftoff.html\n', '/shuttle/countdown/video/livevideo2.gif\n']"
ip-pdx8-55.teleport.com,"['/ksc.html\n', '/images/ksclogo-medium.gif\n', '/images/NASA-logosmall.gif\n', '/images/MOSAIC-logosmall.gif\n', '/images/USA-logosmall.gif\n', '/images/WORLD-logosmall.gif\n', '/shuttle/countdown/\n', '/images/KSC-logosmall.gif\n', '/shuttle/countdown/count70.gif\n']"
rpgopher.aist.go.jp,"['/ksc.html\n', '/images/NASA-logosmall.gif\n', '/images/USA-logosmall.gif\n', '/images/ksclogo-medium.gif\n', '/images/MOSAIC-logosmall.gif\n', '/images/WORLD-logosmall.gif\n', '/shuttle/countdown/\n', '/shuttle/countdown/count70.gif\n', '/images/KSC-logosmall.gif\n', '/cgi-bin/imagemap/countdown70?181', '/shuttle/missions/sts-70/movies/movies.html\n', '/shuttle/missions/sts-70/sts-70-patch-small.gif\n', '/shuttle/missions/sts-70/movies/woodpecker.mpg\n', '/shuttle/missions/sts-70/movies/sts-70-crew-suitup.mpg\n', '/cgi-bin/imagemap/countdown70?51', '/shuttle/missions/sts-70/mission-sts-70.html\n', '/images/launch-logo.gif\n', '/history/apollo/images/apollo-logo1.gif\n', '/shuttle/resources/orbiters/discovery.html\n', '/shuttle/resources/orbiters/discovery-logo.gif\n', '/images/ksclogosmall.gif\n', '/shuttle/resources/orbiters/orbiters-logo.gif\n', '/shuttle/resources/orbiters/endeavour.html\n', '/shuttle/resources/orbiters/endeavour-logo.gif\n', '/cgi-bin/imagemap/countdown70?54', '/shuttle/missions/sts-70/images/images.html\n', '/shuttle/missions/sts-70/images/KSC-95EC-0575.gif\n']"
thing1.cchem.berkeley.edu,"['/\n', '/images/ksclogo-medium.gif\n', '/images/MOSAIC-logosmall.gif\n', '/images/NASA-logosmall.gif\n', '/images/USA-logosmall.gif\n', '/images/WORLD-logosmall.gif\n', '/shuttle/missions/sts-70/mission-sts-70.html\n', '/shuttle/missions/sts-70/sts-70-patch-small.gif\n', '/history/apollo/images/apollo-logo1.gif\n', '/images/KSC-logosmall.gif\n', '/images/launch-logo.gif\n', '/shuttle/countdown/\n', '/shuttle/countdown/count70.gif\n', '/cgi-bin/imagemap/countdown70?295', '/htbin/cdt_main.pl\n', '/shuttle/countdown/images/countclock.gif\n']"
tsip52.ionet.net,"['/shuttle/missions/missions.html\n', '/images/launchmedium.gif\n', '/images/NASA-logosmall.gif\n', '/images/KSC-logosmall.gif\n']"
slip116-154.nc.us.ibm.net,"['/\n', '/images/ksclogo-medium.gif\n', '/images/NASA-logosmall.gif\n', '/images/MOSAIC-logosmall.gif\n', '/images/USA-logosmall.gif\n', '/images/WORLD-logosmall.gif\n', '/shuttle/missions/sts-71/movies/movies.html\n', '/shuttle/missions/sts-71/sts-71-patch-small.gif\n', '/shuttle/missions/sts-71/movies/crew-arrival-t38.mpg\n']"
dd12-003.compuserve.com,"['/procurement/procurement.html\n', '/images/op-logo-small.gif\n', '/procurement/midrange/rfo.htm\n', '/procurement/procurement.htm\n']"
cs1-06.leh.ptd.net,"['/shuttle/countdown/lps/fr.html""\n', '/cgi-bin/imagemap/fr""\n', '/shuttle/countdown/liftoff.html""\n', '/sts-71/launch/""\n', '/shuttle/missions/sts-71/images/images.html""\n', '/shuttle/missions/sts-71/images/KSC-95EC-0912.jpg""\n', '/shuttle/missions/sts-71/images/KSC-95EC-0912.gif""\n', '/shuttle/missions/sts-71/images/KSC-95EC-0913.gif""\n', '/shuttle/missions/sts-71/images/KSC-95EC-0911.gif""\n', '/shuttle/missions/sts-71/images/KSC-95EC-0946.gif""\n', '/shuttle/missions/sts-71/images/KSC-95EC-0950.gif""\n', '/shuttle/missions/sts-71/images/KSC-95EC-0951.gif""\n', '/shuttle/missions/sts-71/images/KSC-95EC-0443.gif""\n', '/shuttle/missions/sts-71/images/KSC-95EC-0544.gif""\n']"
miriworld.its.unimelb.edu.au,"['/history/history.html\n', '/history/apollo/images/apollo-small.gif\n', '/images/NASA-logosmall.gif\n', '/images/KSC-logosmall.gif\n', '/history/apollo/images/apollo.gif\n', '/history/history.htm\n', '/\n', '/images/ksclogo-medium.gif\n', '/images/MOSAIC-logosmall.gif\n', '/images/WORLD-logosmall.gif\n', '/images/USA-logosmall.gif\n', '/shuttle/missions/sts-70/mission-sts-70.html\n', '/shuttle/missions/sts-70/sts-70-patch-small.gif\n', '/images/launch-logo.gif\n', '/history/apollo/images/apollo-logo1.gif\n', '/history/mercury/mercury.html\n', '/images/mercury-logo.gif\n', '/history/apollo/images/apollo-logo.gif\n', '/images/ksclogosmall.gif\n']"
ras15.srv.net,"['/shuttle/missions/sts-56/mission-sts-56.html\n', '/shuttle/missions/sts-56/sts-56-patch-small.gif\n', '/images/KSC-logosmall.gif\n', '/images/launch-logo.gif\n', '/history/apollo/images/apollo-logo1.gif\n', '/shuttle/missions/missions.html\n', '/images/launchmedium.gif\n', '/images/NASA-logosmall.gif\n', '/shuttle/missions/sts-69/mission-sts-69.html\n', '/shuttle/missions/sts-69/sts-69-patch-small.gif\n']"
199.2.139.127,"['/shuttle/missions/sts-71/mission-sts-71.html\n', '/shuttle/missions/sts-71/sts-71-patch-small.gif\n', '/images/KSC-logosmall.gif\n', '/images/launch-logo.gif\n', '/history/apollo/images/apollo-logo1.gif\n', '/history/history.html\n', '/images/NASA-logosmall.gif\n', '/history/apollo/images/apollo-small.gif\n', '/history/apollo/images/apollo.gif\n']"
ppp-06-uf-cs1.nerdc.ufl.edu,"['/software/winvn/winvn.html\n', '/software/winvn/winvn.gif\n', '/images/construct.gif\n', '/software/winvn/wvsmall.gif\n', '/software/winvn/bluemarb.gif\n', '/images/KSC-logosmall.gif\n', '/images/MOSAIC-logosmall.gif\n', '/images/WORLD-logosmall.gif\n', '/images/USA-logosmall.gif\n']"
thunderbox.ho.bom.gov.au,"['/elv/elvpage.htm\n', '/elv/uplink.htm\n']"
pwestec.sierra.net,"['/biomed/program.html\n', '/biomed/wwwicons/purple.gif\n', '/biomed/wwwicons/blue.gif\n', '/biomed/wwwicons/green.gif\n', '/biomed/wwwicons/red.gif\n', '/biomed/wwwicons/orange.gif\n', '/biomed/wwwicons/yellow.gif\n', '/biomed/wwwicons/mm.gif\n']"
fp590.acs.ohio-state.edu,"['/images/shuttle-patch-small.gif\n', '/shuttle/technology/sts-newsref/stsref-toc.html\n', '/images/KSC-logosmall.gif\n', '/images/launch-logo.gif\n', '/shuttle/technology/images/launch_sites_8-small.gif\n', '/shuttle/technology/images/mission_profile_2-small.gif\n', '/shuttle/technology/sts-newsref/sts_overview.html\n', '/images/shuttle-patch-logo.gif\n', '/shuttle/technology/images/sts_spec_6-small.gif\n']"
kctm.kagoshima-ct.ac.jp,"['/ksc.html\n', '/images/ksclogo-medium.gif\n', '/images/NASA-logosmall.gif\n', '/images/MOSAIC-logosmall.gif\n', '/images/USA-logosmall.gif\n', '/images/WORLD-logosmall.gif\n', '/shuttle/countdown/countdown.html\n', '/shuttle/countdown/count70.gif\n', '/images/KSC-logosmall.gif\n', '/cgi-bin/imagemap/countdown70?192', '/shuttle/missions/sts-70/movies/movies.html\n', '/shuttle/missions/sts-70/sts-70-patch-small.gif\n', '/shuttle/missions/sts-70/movies/sts-70-crew-arrival.mpg\n', '/shuttle/missions/sts-70/movies/sts-70-approach.mpg\n', '/shuttle/missions/sts-70/movies/woodpecker.mpg\n']"
rdr4.ccinet.ab.ca,"['/shuttle/countdown/\n', '/shuttle/countdown/count70.gif\n', '/images/NASA-logosmall.gif\n', '/images/KSC-logosmall.gif\n']"
venus.jp.convex.com,"['/facilities/cdsc.html\n', '/images/construct.gif\n', '/images/ksclogosmall.gif\n', '/images/kscmap-tiny.gif\n']"
ix-sf10-28.ix.netcom.com,"['/software/winvn/winvn.html\n', '/software/winvn/winvn.gif\n', '/software/winvn/bluemarb.gif\n', '/images/construct.gif\n', '/software/winvn/wvsmall.gif\n', '/images/KSC-logosmall.gif\n', '/images/MOSAIC-logosmall.gif\n', '/images/USA-logosmall.gif\n', '/images/WORLD-logosmall.gif\n', '/cgi-bin/newwvn-mail.pl\n', '/software/winvn/userguide/winvnsm.gif\n']"
van15422.direct.ca,"['/software/winvn/winvn.html\n', '/software/winvn/winvn.gif\n', '/images/construct.gif\n', '/software/winvn/bluemarb.gif\n', '/software/winvn/wvsmall.gif\n']"
dialup005.continet.com,"['/shuttle/missions/sts-68/sts-68-patch-small.gif\n', '/shuttle/missions/sts-68/mission-sts-68.html\n', '/images/KSC-logosmall.gif\n', '/images/launch-logo.gif\n', '/history/apollo/images/apollo-logo1.gif\n', '/htbin/wais.pl?MAPS\n', '/news/nasa.nasamail.p/571\n', '/shuttle/technology/sts-newsref/sts_asm.html\n']"
ad14-040.compuserve.com,"['/facilities/vab.html\n', '/images/vab-small.gif\n', '/facilities/mlp.html\n', '/images/mlp-logo.gif\n', '/images/mlp.gif\n']"
204.251.93.247,"['/history/apollo/apollo-13/apollo-13-info.html\n', '/history/apollo/apollo-13/apollo-13-patch-small.gif\n', '/history/apollo/apollo-13/movies/\n', '/icons/blank.xbm\n', '/icons/menu.xbm\n', '/icons/movie.xbm\n']"
143.158.26.50,"['/\n', '/images/ksclogo-medium.gif\n', '/images/NASA-logosmall.gif\n', '/images/MOSAIC-logosmall.gif\n', '/images/USA-logosmall.gif\n', '/images/WORLD-logosmall.gif\n', '/shuttle/countdown/\n', '/shuttle/countdown/count70.gif\n', '/images/KSC-logosmall.gif\n', '/shuttle/missions/sts-70/mission-sts-70.html\n', '/shuttle/missions/sts-70/sts-70-patch-small.gif\n', '/images/launch-logo.gif\n', '/history/apollo/images/apollo-logo1.gif\n', '/history/history.html\n', '/history/apollo/images/apollo-small.gif\n', '/shuttle/missions/missions.html\n', '/images/launchmedium.gif\n', '/shuttle/missions/61-b/mission-61-b.html\n', '/shuttle/missions/61-b/61-b-patch-small.gif\n', '/shuttle/missions/61-c/mission-61-c.html\n', '/shuttle/missions/61-c/61-c-patch-small.gif\n', '/shuttle/missions/51-c/mission-51-c.html\n', '/shuttle/missions/51-c/51-c-patch-small.gif\n', '/shuttle/missions/51-d/mission-51-d.html\n', '/shuttle/missions/51-d/51-d-patch-small.gif\n']"
dd12-062.compuserve.com,"['/shuttle/missions/missions.html\n', '/images/launchmedium.gif\n']"
general2.asu.edu,"['/\n', '/facts/facts.html\n', '/facts/faq01.html\n']"
celebrian.otago.ac.nz,"['/shuttle/missions/sts-69/mission-sts-69.html\n', '/shuttle/missions/sts-73/mission-sts-73.html\n', '/facilities/lc39a.html\n', '/shuttle/missions/sts-76/mission-sts-76.html\n', '/shuttle/missions/sts-76/sts-76-info.html\n', '/shuttle/resources/orbiters/atlantis.html\n', '/shuttle/missions/sts-71/mission-sts-71.html\n']"
kingston-ts-16.nstn.ca,"['/ksc.html\n', '/images/ksclogo-medium.gif\n', '/images/NASA-logosmall.gif\n', '/images/MOSAIC-logosmall.gif\n', '/images/USA-logosmall.gif\n', '/images/WORLD-logosmall.gif\n', '/shuttle/missions/missions.html\n', '/images/launchmedium.gif\n', '/shuttle/missions/sts-72/mission-sts-72.html\n']"
133.68.18.180,"['/persons/nasa-cm/jmd-sm.gif\n', '/persons/nasa-cm/tnn-sm.gif\n', '/persons/nasa-cm/hec-sm.gif\n', '/persons/nasa-cm/mike-sm.gif\n', '/persons/nasa-cm/jmd.html\n', '/persons/nasa-cm/jmd.gif\n', '/whats-new.html\n', '/images/whatsnew.gif\n', '/images/KSC-logosmall.gif\n', '/images/NASA-logosmall.gif\n', '/shuttle/missions/sts-70/images/images.html\n', '/shuttle/missions/sts-70/images/KSC-95EC-0540.jpg\n', '/shuttle/missions/sts-70/images/KSC-95EC-1059.jpg\n']"
ix-tf5-17.ix.netcom.com,"['/\n', '/images/ksclogo-medium.gif\n', '/images/NASA-logosmall.gif\n', '/images/MOSAIC-logosmall.gif\n', '/images/USA-logosmall.gif\n', '/images/WORLD-logosmall.gif\n', '/facts/about_ksc.html\n', '/images/launchpalms-small.gif\n', '/images/KSC-logosmall.gif\n']"
ip55.van2.pacifier.com,"['/history/apollo/apollo.html\n', '/history/apollo/images/footprint-small.gif\n', '/images/KSC-logosmall.gif\n', '/history/apollo/images/apollo-logo1.gif\n', '/history/apollo/apollo-goals.txt\n', '/history/apollo/apollo-spacecraft.txt\n', '/history/apollo/flight-summary.txt\n', '/history/apollo/apollo-sa.html\n', '/history/apollo/images/little-joe.gif\n', '/history/apollo/images/footprint-logo.gif\n', '/history/apollo/images/apollo-logo.gif\n', '/history/apollo/sa-1/sa-1.html\n', '/history/apollo/images/apollo-insignia.gif\n', '/images/ksclogosmall.gif\n', '/history/apollo/apollo-1/apollo-1.html\n', '/history/apollo/apollo-1/apollo-1-patch-small.gif\n']"
adam.tower.com.au,"['/shuttle/missions/sts-71/images/images.html\n', '/shuttle/missions/sts-71/images/KSC-95EC-0913.jpg\n', '/shuttle/missions/sts-71/images/KSC-95EC-0950.gif\n', '/shuttle/missions/sts-71/mission-sts-71.html\n', '/shuttle/missions/sts-71/sts-71-patch-small.gif\n', '/images/KSC-logosmall.gif\n', '/images/launch-logo.gif\n', '/history/apollo/images/apollo-logo1.gif\n', '/htbin/wais.pl?IMAX\n', '/shuttle/missions/missions.html\n', '/images/launchmedium.gif\n', '/images/NASA-logosmall.gif\n', '/shuttle/missions/sts-70/mission-sts-70.html\n', '/shuttle/missions/sts-70/sts-70-patch-small.gif\n', '/shuttle/countdown/\n', '/shuttle/countdown/count70.gif\n', '/shuttle/countdown/liftoff.html\n', '/shuttle/countdown/video/livevideo2.gif\n', '/shuttle/missions/sts-70/images/images.html\n', '/shuttle/missions/sts-70/images/DSC-95EC-0001.jpg\n', '/shuttle/countdown/countdown.html\n']"
d0ucr6.fnal.gov,"['/history/apollo/apollo-16/apollo-16.html\n', '/history/apollo/apollo-16/apollo-16-patch-small.gif\n']"
199.190.95.40,"['/ksc.html\n', '/images/ksclogo-medium.gif\n', '/images/USA-logosmall.gif\n', '/images/MOSAIC-logosmall.gif\n', '/images/WORLD-logosmall.gif\n', '/images/NASA-logosmall.gif\n', '/shuttle/countdown/\n', '/images/KSC-logosmall.gif\n', '/shuttle/countdown/count70.gif\n', '/shuttle/missions/sts-70/movies/movies.html\n', '/shuttle/missions/sts-70/sts-70-patch-small.gif\n', '/shuttle/missions/sts-70/movies/sts-70-launch.mpg\n']"
koala.melbpc.org.au,"['/ksc.html\n', '/images/USA-logosmall.gif\n', '/images/MOSAIC-logosmall.gif\n', '/images/NASA-logosmall.gif\n', '/images/WORLD-logosmall.gif\n']"
blv-pm11-ip17.halcyon.com,"['/\n', '/images/ksclogo-medium.gif\n', '/images/NASA-logosmall.gif\n', '/images/USA-logosmall.gif\n', '/images/MOSAIC-logosmall.gif\n', '/images/WORLD-logosmall.gif\n', '/shuttle/countdown/\n', '/images/KSC-logosmall.gif\n', '/shuttle/countdown/count70.gif\n', '/cgi-bin/imagemap/countdown70?67', '/shuttle/missions/sts-70/mission-sts-70.html\n', '/shuttle/missions/sts-70/sts-70-patch-small.gif\n', '/images/launch-logo.gif\n', '/history/apollo/images/apollo-logo1.gif\n', '/shuttle/technology/sts-newsref/sts-mps.html\n', '/images/shuttle-patch-logo.gif\n']"
www-c8.proxy.aol.com,"['/shuttle/countdown/\n', '/shuttle/missions/missions.html\n']"
ras38.srv.net,"['/elv/DELTA/delta.htm\n', '/elv/elvhead2.gif\n', '/elv/DELTA/dedesc.htm\n', '/elv/elvpage.htm\n', '/elv/elvhead3.gif\n', '/elv/endball.gif\n', '/elv/hot.gif\n', '/elv/PEGASUS/minpeg1.gif\n', '/elv/SCOUT/scout.gif\n', '/elv/DELTA/delta.gif\n', '/elv/ATLAS_CENTAUR/atlas.gif\n', '/elv/TITAN/titan.gif\n', '/elv/struct.gif\n', '/images/KSC-logosmall.gif\n', '/images/NASA-logosmall.gif\n', '/elv/DELTA/uncons.htm\n', '/elv/DELTA/delseps.jpg\n']"
dialip129.gov.bc.ca,"['/history/apollo/apollo.html\n', '/history/apollo/apollo-11/apollo-11.html\n', '/history/apollo/apollo-11/apollo-11-info.html\n', '/history/apollo/apollo-11/images/\n', '/history/apollo/apollo-11/images/69HC680.GIF\n', '/history/apollo/apollo-11/movies/\n', '/history/apollo/apollo-11/sounds/\n', '/history/apollo/apollo-11/sounds/A01106AA.WAV\n', '/history/apollo/apollo-12/apollo-12.html\n', '/history/apollo/apollo-12/apollo-12-info.html\n', '/history/apollo/apollo-12/sounds/\n', '/history/apollo/apollo-12/movies/\n', '/history/apollo/apollo-12/images/\n', '/history/apollo/apollo-1/apollo-1.html\n', '/history/apollo/apollo-1/apollo-1-info.html\n', '/history/apollo/apollo-1/movies/\n', '/history/apollo/apollo-1/sounds/\n', '/history/apollo/apollo-1/images/\n', '/history/apollo/apollo-1/images/66HC1519.gif\n', '/history/apollo/apollo-1/docs/\n']"
cherry.hip.berkeley.edu,"['/history/apollo/apollo-13/apollo-13.html\n', '/history/apollo/apollo-13/apollo-13-patch-small.gif\n', '/images/ksclogosmall.gif\n', '/history/apollo/images/footprint-logo.gif\n', '/history/apollo/apollo-13/apollo-13-info.html\n', '/shuttle/missions/missions.html\n', '/images/launchmedium.gif\n', '/images/NASA-logosmall.gif\n', '/images/KSC-logosmall.gif\n', '/shuttle/missions/sts-69/mission-sts-69.html\n', '/shuttle/missions/sts-69/sts-69-patch-small.gif\n', '/images/launch-logo.gif\n', '/history/apollo/images/apollo-logo1.gif\n', '/shuttle/missions/sts-70/mission-sts-70.html\n', '/shuttle/missions/sts-70/sts-70-patch-small.gif\n', '/history/history.html\n', '/history/apollo/images/apollo-small.gif\n']"
ann06.bcit.bc.ca,"['/history/mercury/mercury.html\n', '/images/mercury-logo.gif\n', '/images/ksclogosmall.gif\n', '/history/apollo/images/apollo-logo.gif\n']"
38.10.180.30,['/msfc/astro_home.html\n']
168.78.14.166,"['/images/\n', '/icons/blank.xbm\n', '/icons/menu.xbm\n', '/icons/image.xbm\n', '/icons/unknown.xbm\n', '/images/cdrom-1-95/\n', '/images/whatsnew.gif\n', '/images/cdrom-1-95/img0001.jpg\n', '/images/ksclogo-medium.gif\n', '/images/NASA-logosmall.gif\n', '/images/ksclogo.gif\n', '/images/MOSAIC-logosmall.gif\n', '/images/cdrom-1-95/img0028.jpg\n']"
205.160.164.19,"['/shuttle/countdown/countdown.html\n', '/shuttle/countdown/count70.gif\n', '/images/NASA-logosmall.gif\n', '/images/KSC-logosmall.gif\n', '/cgi-bin/imagemap/countdown70?343', '/shuttle/countdown/liftoff.html\n', '/htbin/cdt_clock.pl\n', '/shuttle/countdown/video/livevideo2.gif\n']"
grimnet23.idirect.com,"['/images/construct.gif\n', '/images/KSC-logosmall.gif\n', '/images/MOSAIC-logosmall.gif\n', '/images/USA-logosmall.gif\n', '/images/WORLD-logosmall.gif\n', '/www/software/winvn/winvn.html\n', '/software/winvn/faq/WINVNFAQ-Contents.html\n', '/software/winvn/faq/WINVNFAQ-I-3.html\n', '/software/winvn/faq/WINVNFAQ-I-4.html\n', '/software/winvn/faq/WINVNFAQ-I-5.html\n']"
slip9-162.beta.delphi.com,"['/shuttle/missions/sts-64/mission-sts-64.html\n', '/shuttle/resources/orbiters/discovery.html\n']"
199.2.139.104,"['/shuttle/missions/missions.html\n', '/images/launchmedium.gif\n', '/shuttle/missions/sts-63/sts-63-patch-small.gif\n', '/shuttle/missions/sts-63/mission-sts-63.html\n', '/htbin/wais.pl?MIR-Rendezvous\n', '/htbin/wais.pl?MIR-Image\n']"
alyssa.prodigy.com,"['/\n', '/images/ksclogo-medium.gif\n', '/images/NASA-logosmall.gif\n', '/images/MOSAIC-logosmall.gif\n', '/images/USA-logosmall.gif\n', '/images/WORLD-logosmall.gif\n']"
www-a2.proxy.aol.com,"['/shuttle/missions/sts-70/mission-sts-70.html\n', '/shuttle/missions/sts-70/sts-70-patch-small.gif\n', '/images/KSC-logosmall.gif\n', '/images/launch-logo.gif\n', '/history/apollo/images/apollo-logo1.gif\n', '/facilities/vab.html\n', '/images/ksclogosmall.gif\n', '/images/vab-small.gif\n', '/images/kscmap-tiny.gif\n', '/images/vab-medium.gif\n']"
165.213.131.21,"['/procurement/procurement.html\n', '/images/op-logo-small.gif\n']"
linda.teleport.com,['/images/\n']
ix-dgr-il1-15.ix.netcom.com,"['/shuttle/countdown/lps/fr.html\n', '/shuttle/countdown/lps/fr.gif\n', '/shuttle/countdown/lps/back.gif\n', '/htbin/cdt_main.pl\n', '/shuttle/countdown/images/countclock.gif\n', '/images/NASA-logosmall.gif\n', '/shuttle/countdown/liftoff.html\n']"
s334767.slip.cc.uq.oz.au,['/shuttle/technology/sts-newsref/sts-eps.html\n']
134.h-pm2.vgs3.westel.com,"['/software/winvn/winvn.html\n', '/software/winvn/winvn.gif\n', '/software/winvn/bluemarb.gif\n', '/images/construct.gif\n', '/software/winvn/wvsmall.gif\n', '/images/KSC-logosmall.gif\n', '/images/MOSAIC-logosmall.gif\n', '/images/USA-logosmall.gif\n', '/images/WORLD-logosmall.gif\n']"
ix-esc-ca2-07.ix.netcom.com,"['/images/launch-logo.gif\n', '/history/apollo/images/apollo-logo1.gif\n', '/shuttle/resources/orbiters/discovery.html\n', '/shuttle/resources/orbiters/discovery-logo.gif\n', '/images/ksclogosmall.gif\n', '/shuttle/resources/orbiters/orbiters-logo.gif\n']"
extra.ucc.su.oz.au,['/shuttle/technology/sts-newsref/et.html\n']
chuken02.shinshu-u.ac.jp,"['/\n', '/images/ksclogo-medium.gif\n', '/images/NASA-logosmall.gif\n', '/images/MOSAIC-logosmall.gif\n', '/images/USA-logosmall.gif\n', '/images/WORLD-logosmall.gif\n', '/images/shuttle-patch-small.gif\n', '/shuttle/technology/sts-newsref/stsref-toc.html\n', '/shuttle/technology/sts-newsref/sts_overview.html\n', '/shuttle/technology/sts-newsref/sts-mps.html\n', '/images/KSC-logosmall.gif\n', '/images/shuttle-patch-logo.gif\n', '/shuttle/technology/images/sts_spec_6-small.gif\n', '/shuttle/technology/images/launch_sites_8-small.gif\n', '/images/launch-logo.gif\n']"
pme609.onramp.awinc.com,"['/shuttle/missions/sts-64/mission-sts-64.html\n', '/shuttle/missions/sts-64/sts-64-patch-small.gif\n', '/images/KSC-logosmall.gif\n', '/images/launch-logo.gif\n', '/history/apollo/images/apollo-logo1.gif\n', '/shuttle/resources/orbiters/discovery.html\n', '/shuttle/resources/orbiters/discovery-logo.gif\n', '/images/ksclogosmall.gif\n', '/shuttle/resources/orbiters/orbiters-logo.gif\n', '/shuttle/resources/orbiters/challenger.html\n', '/shuttle/resources/orbiters/challenger-logo.gif\n', '/shuttle/missions/51-l/mission-51-l.html\n', '/shuttle/missions/51-l/51-l-patch-small.gif\n', '/shuttle/technology/sts-newsref/srb.html\n', '/shuttle/technology/images/srb_16-small.gif\n', '/shuttle/missions/missions.html\n', '/images/launchmedium.gif\n', '/images/NASA-logosmall.gif\n', '/shuttle/technology/sts-newsref/sts_asm.html\n', '/shuttle/missions/sts-70/mission-sts-70.html\n', '/shuttle/missions/sts-70/sts-70-patch-small.gif\n', '/shuttle/missions/sts-70/sts-70-day-07-highlights.html\n']"
128.159.129.170,"['/\n', '/images/ksclogo-medium.gif\n', '/images/NASA-logosmall.gif\n', '/images/MOSAIC-logosmall.gif\n', '/images/USA-logosmall.gif\n', '/images/WORLD-logosmall.gif\n']"
ix-dfw12-08.ix.netcom.com,"['/software/winvn/userguide/wvnguide.html\n', '/software/winvn/userguide/wvnguide.gif\n', '/software/winvn/userguide/winvnsm.gif\n', '/software/winvn/winvn.html\n', '/software/winvn/winvn.gif\n', '/images/construct.gif\n', '/software/winvn/bluemarb.gif\n', '/software/winvn/wvsmall.gif\n', '/images/KSC-logosmall.gif\n', '/images/MOSAIC-logosmall.gif\n', '/images/USA-logosmall.gif\n', '/images/WORLD-logosmall.gif\n', '/software/winvn/userguide/3_1_1_11.htm\n', '/software/winvn/userguide/docscont.gif\n', '/software/winvn/userguide/docsrigh.gif\n', '/software/winvn/userguide/winvn30.gif\n', '/software/winvn/userguide/docsleft.gif\n']"
ip-pdx6-54.teleport.com,"['/history/history.html\n', '/history/apollo/apollo.html\n', '/history/apollo/apollo-13/apollo-13.html\n', '/history/apollo/images/footprint-small.gif\n', '/history/apollo/apollo-13/apollo-13-patch-small.gif\n']"
ppp8.montrealnet.ca,"['/shuttle/missions/missions.html\n', '/images/launchmedium.gif\n', '/images/KSC-logosmall.gif\n', '/images/NASA-logosmall.gif\n', '/shuttle/missions/sts-70/mission-sts-70.html\n', '/shuttle/missions/sts-70/sts-70-patch-small.gif\n', '/images/launch-logo.gif\n', '/history/apollo/images/apollo-logo1.gif\n']"
term1-24.sb.west.net,"['/ksc.html\n', '/images/ksclogo-medium.gif\n', '/images/NASA-logosmall.gif\n', '/images/MOSAIC-logosmall.gif\n', '/images/USA-logosmall.gif\n', '/images/WORLD-logosmall.gif\n', '/shuttle/countdown/\n', '/images/KSC-logosmall.gif\n', '/shuttle/countdown/count70.gif\n', '/cgi-bin/imagemap/countdown70?344', '/shuttle/countdown/lps/fr.html\n', '/shuttle/countdown/lps/fr.gif\n', '/shuttle/countdown/lps/back.gif\n']"
ppp24.compumedia.com,"['/software/winvn/faq/WINVNFAQ-Contents.html\n', '/software/winvn/faq/WINVNFAQ-I-1.html\n', '/software/winvn/faq/WINVNFAQ-I-8.html\n', '/software/winvn/faq/WINVNFAQ-I-10.html\n']"
stockyard58.onramp.net,"['/\n', '/images/ksclogo-medium.gif\n', '/images/NASA-logosmall.gif\n', '/images/USA-logosmall.gif\n', '/images/WORLD-logosmall.gif\n', '/images/MOSAIC-logosmall.gif\n', '/shuttle/missions/sts-67/mission-sts-67.html\n', '/shuttle/missions/sts-67/sts-67-patch-small.gif\n', '/history/apollo/images/apollo-logo1.gif\n', '/images/launch-logo.gif\n', '/images/KSC-logosmall.gif\n', '/history/history.html\n', '/history/apollo/images/apollo-small.gif\n', '/shuttle/missions/missions.html\n', '/images/launchmedium.gif\n', '/shuttle/missions/sts-56/mission-sts-56.html\n', '/shuttle/missions/sts-56/sts-56-patch-small.gif\n', '/htbin/wais.pl?SAREX\n', '/history/rocket-history.txt\n', '/htbin/wais.pl\n', '/htbin/wais.pl?image\n', '/shuttle/missions/sts-67/images/images.html\n', '/news/sci.space.news/2334\n']"
ai.asu.edu,"['/\n', '/facts/facts.html\n', '/facts/faq01.html\n']"
slppp6.intermind.net,"['/history/skylab/skylab.html\n', '/history/skylab/skylab-small.gif\n', '/images/ksclogosmall.gif\n', '/history/apollo/images/apollo-logo.gif\n', '/history/skylab/skylab-1.html\n', '/history/skylab/skylab-logo.gif\n', '/history/skylab/skylab-2.html\n']"
slip4086.sirius.com,"['/software/winvn/winvn.html\n', '/images/construct.gif\n', '/software/winvn/bluemarb.gif\n', '/software/winvn/wvsmall.gif\n', '/images/MOSAIC-logosmall.gif\n', '/software/winvn/winvn.gif\n', '/images/KSC-logosmall.gif\n', '/images/USA-logosmall.gif\n', '/images/WORLD-logosmall.gif\n']"
piweba3y.prodigy.com,"['/\n', '/images/ksclogo-medium.gif\n', '/images/NASA-logosmall.gif\n', '/images/MOSAIC-logosmall.gif\n', '/images/USA-logosmall.gif\n', '/images/WORLD-logosmall.gif\n', '/shuttle/missions/sts-71/images/images.html\n', '/shuttle/missions/sts-71/mission-sts-71.html\n', '/shuttle/missions/sts-71/sts-71-patch-small.gif\n', '/images/KSC-logosmall.gif\n', '/images/launch-logo.gif\n', '/history/apollo/images/apollo-logo1.gif\n', '/shuttle/missions/sts-71/images/index71.gif\n', '/history/apollo/apollo-11/apollo-11.html\n', '/history/apollo/apollo-11/apollo-11-patch-small.gif\n', '/images/ksclogosmall.gif\n', '/history/apollo/images/footprint-logo.gif\n', '/facilities/vab.html\n', '/images/vab-small.gif\n', '/images/kscmap-tiny.gif\n', '/facilities/mlp.html\n', '/images/mlp-logo.gif\n', '/facilities/crawler.html\n', '/images/crawler-logo.gif\n', '/facilities/lc39a.html\n', '/images/lc39a-logo.gif\n', '/images/rss.gif\n', '/images/mlp.gif\n', '/shuttle/resources/orbiters/columbia.html\n', '/shuttle/resources/orbiters/columbia-logo.gif\n', '/shuttle/countdown/lps/fr.html\n', '/shuttle/countdown/lps/fr.gif\n', '/shuttle/countdown/lps/back.gif\n', '/cgi-bin/imagemap/fr?99', '/shuttle/resources/orbiters/orbiters-logo.gif\n']"
unix.adeptcom.com,"['/shuttle/countdown/countdown.html\n', '/shuttle/missions/sts-70/movies/movies.html\n', '/htbin/cdt_main.pl\n', '/statistics/1995/Jul/Jul95.html\n', '/shuttle/countdown/lps/fr.html\n', '/cgi-bin/imagemap/fr?0', '/shuttle/countdown/lps/osr/osr.html\n']"
metabelis.rmit.edu.au,['/shuttle/technology/sts-newsref/stsover.html\n']
cs1-08.leh.ptd.net,"['/ksc.html\n', '/images/ksclogo-medium.gif\n', '/images/NASA-logosmall.gif\n', '/images/MOSAIC-logosmall.gif\n', '/images/USA-logosmall.gif\n', '/images/WORLD-logosmall.gif\n', '/shuttle/missions/sts-71/movies/movies.html\n', '/shuttle/missions/sts-71/sts-71-patch-small.gif\n', '/shuttle/missions/sts-71/movies/sts-71-launch-3.mpg\n']"
remote.redzone.com,"['/history/apollo/apollo-13/apollo-13.html\n', '/history/apollo/apollo-13/apollo-13-patch-small.gif\n', '/images/ksclogosmall.gif\n', '/history/apollo/images/footprint-logo.gif\n', '/history/apollo/apollo-13/apollo-13-info.html\n', '/history/apollo/apollo-13/images/\n', '/icons/blank.xbm\n', '/icons/menu.xbm\n', '/icons/image.xbm\n', '/history/apollo/apollo-13/images/index.gif\n', '/history/apollo/apollo-13/images/70HC418.GIF\n', '/history/apollo/apollo-13/images/70HC517.GIF\n']"
pm6a3.sover.net,"['/ksc.html\n', '/images/ksclogo-medium.gif\n', '/images/NASA-logosmall.gif\n', '/images/MOSAIC-logosmall.gif\n', '/images/USA-logosmall.gif\n', '/images/WORLD-logosmall.gif\n', '/shuttle/missions/sts-69/mission-sts-69.html\n', '/shuttle/missions/sts-69/sts-69-patch-small.gif\n', '/images/KSC-logosmall.gif\n', '/images/launch-logo.gif\n', '/history/apollo/images/apollo-logo1.gif\n']"
133.102.242.50,"['/shuttle/missions/missions.html\n', '/images/KSC-logosmall.gif\n', '/images/NASA-logosmall.gif\n', '/images/launchmedium.gif\n', '/shuttle/missions/sts-78/mission-sts-78.html\n', '/shuttle/missions/sts-78/sts-78-patch-small.gif\n', '/images/launch-logo.gif\n', '/history/apollo/images/apollo-logo1.gif\n']"
van10271.direct.ca,"['/software/winvn/winvn.html\n', '/software/winvn/winvn.gif\n', '/images/construct.gif\n', '/software/winvn/bluemarb.gif\n', '/software/winvn/wvsmall.gif\n', '/images/KSC-logosmall.gif\n', '/images/MOSAIC-logosmall.gif\n', '/images/USA-logosmall.gif\n', '/images/WORLD-logosmall.gif\n']"
jericho2.microsoft.com,"['/\n', '/images/ksclogo-medium.gif\n', '/images/NASA-logosmall.gif\n', '/images/MOSAIC-logosmall.gif\n', '/images/USA-logosmall.gif\n', '/images/WORLD-logosmall.gif\n', '/shuttle/missions/sts-71/images/images.html\n', '/shuttle/missions/sts-71/images/index71.gif\n', '/shuttle/missions/sts-71/images/KSC-95EC-0913.jpg\n', '/shuttle/missions/sts-71/images/KSC-95EC-0912.jpg\n']"
interchg.ubc.ca,['/ksc.html\n']
sutnbgw1.ed.noda.sut.ac.jp,['/ksc.html\n']
tchm05a10.rmt.utk.edu,"['/shuttle/missions/sts-67/mission-sts-67.html\n', '/shuttle/missions/sts-67/sts-67-patch-small.gif\n', '/images/KSC-logosmall.gif\n', '/images/launch-logo.gif\n', '/history/apollo/images/apollo-logo1.gif\n']"
reggae.iinet.net.au,"['/shuttle/technology/sts-newsref/stsover-chron.html\n', '/shuttle/technology/sts-newsref/stsover-missions.html\n', '/shuttle/missions/missions.html\n', '/images/launchmedium.gif\n', '/images/NASA-logosmall.gif\n', '/images/launch.gif\n']"
ppp3_069.bekkoame.or.jp,"['/shuttle/countdown/\n', '/images/NASA-logosmall.gif\n', '/images/KSC-logosmall.gif\n', '/shuttle/countdown/count70.gif\n', '/cgi-bin/imagemap/countdown70?186', '/shuttle/missions/sts-70/movies/movies.html\n', '/shuttle/missions/sts-70/sts-70-patch-small.gif\n', '/shuttle/missions/sts-70/movies/sts-70-launch.mpg\n', '/cgi-bin/imagemap/countdown70?72', '/shuttle/missions/sts-70/images/images.html\n', '/shuttle/missions/sts-70/images/KSC-95EC-0515.gif\n']"
drjo011a043.embratel.net.br,['/ksc.html\n']
ix-sf8-22.ix.netcom.com,['/history/apollo/apollo-13/apollo-13.html\n']
dial3-15.midwest.net,"['/software/winvn/winvn.html\n', '/software/winvn/winvn.gif\n', '/images/construct.gif\n', '/software/winvn/bluemarb.gif\n', '/software/winvn/wvsmall.gif\n', '/images/KSC-logosmall.gif\n', '/images/MOSAIC-logosmall.gif\n', '/images/USA-logosmall.gif\n', '/images/WORLD-logosmall.gif\n']"
rainbow.mts.chiba-u.ac.jp,"['/\n', '/images/ksclogo-medium.gif\n', '/images/NASA-logosmall.gif\n', '/images/MOSAIC-logosmall.gif\n', '/images/USA-logosmall.gif\n', '/images/WORLD-logosmall.gif\n', '/shuttle/missions/missions.html\n', '/images/launchmedium.gif\n', '/images/KSC-logosmall.gif\n', '/shuttle/missions/sts-1/mission-sts-1.html\n', '/shuttle/missions/sts-1/sts-1-patch-small.gif\n', '/images/launch-logo.gif\n', '/history/apollo/images/apollo-logo1.gif\n', '/persons/astronauts/u-to-z/YoungJW.txt\n']"
ix-ir8-22.ix.netcom.com,"['/history/apollo/apollo-11/apollo-11-patch-small.gif\n', '/facilities/lc39a.html\n', '/images/lc39a-logo.gif\n', '/images/kscmap-tiny.gif\n', '/images/ksclogosmall.gif\n', '/history/apollo/apollo.html\n', '/history/apollo/images/footprint-small.gif\n', '/images/KSC-logosmall.gif\n', '/history/apollo/images/apollo-logo1.gif\n', '/history/apollo/apollo-17/apollo-17.html\n']"
sanantonio-1-5.i-link.net,"['/history/apollo/apollo.html\n', '/history/apollo/images/footprint-small.gif\n', '/history/apollo/images/apollo-logo1.gif\n']"
van15423.direct.ca,"['/software/winvn/winvn.html\n', '/images/construct.gif\n', '/software/winvn/bluemarb.gif\n', '/software/winvn/wvsmall.gif\n', '/images/KSC-logosmall.gif\n', '/images/WORLD-logosmall.gif\n', '/software/winvn/winvn.gif\n', '/images/MOSAIC-logosmall.gif\n', '/images/USA-logosmall.gif\n']"
stockyard21.onramp.net,"['/images/shuttle-patch-small.gif\n', '/shuttle/technology/sts-newsref/stsref-toc.html\n', '/images/KSC-logosmall.gif\n', '/images/launch-logo.gif\n', '/ksc.html\n', '/images/ksclogo-medium.gif\n']"
llam.interlog.com,"['/mdss/MDSS.html\n', '/mdss/s_md-2.gif\n', '/mdss/station.gif\n', '/mdss/s_delta2.gif\n', '/mdss/dcy2.gif\n', '/images/ksclogosmall.gif\n', '/icon/constr.gif\n']"
picard.cistron.nl,['/\n']
wwwproxy.info.au,"['/shuttle/resources/orbiters/challenger-logo.gif\n', '/shuttle/resources/orbiters/orbiters-logo.gif\n', '/ksc.html\n', '/images/ksclogo-medium.gif\n', '/images/shuttle-patch-small.gif\n', '/images/USA-logosmall.gif\n', '/images/MOSAIC-logosmall.gif\n', '/images/WORLD-logosmall.gif\n', '/images/NASA-logosmall.gif\n', '/shuttle/resources/orbiters/orbiters.html\n', '/images/landing-small.gif\n', '/shuttle/technology/sts-newsref/stsref-toc.html\n', '/images/shuttle-patch.jpg\n']"
piweba1y.prodigy.com,"['/\n', '/images/ksclogo-medium.gif\n', '/images/NASA-logosmall.gif\n', '/history/history.html\n', '/history/apollo/images/apollo-small.gif\n', '/images/KSC-logosmall.gif\n', '/history/apollo/images/apollo.gif\n', '/history/gemini/gemini.html\n', '/history/apollo/apollo.html\n', '/history/apollo/images/footprint-small.gif\n', '/history/apollo/images/apollo-logo1.gif\n', '/history/apollo/apollo-13/apollo-13.html\n', '/history/apollo/apollo-13/apollo-13-patch-small.gif\n', '/history/apollo/images/footprint-logo.gif\n', '/history/apollo/apollo-13/apollo-13-info.html\n', '/history/apollo/apollo-13/movies/\n', '/icons/blank.xbm\n', '/icons/menu.xbm\n', '/icons/movie.xbm\n', '/shuttle/missions/sts-70/mission-sts-70.html\n', '/shuttle/missions/sts-70/sts-70-patch-small.gif\n', '/images/launch-logo.gif\n']"
ix-dc7-17.ix.netcom.com,"['/shuttle/countdown/\n', '/images/NASA-logosmall.gif\n', '/images/KSC-logosmall.gif\n', '/shuttle/countdown/count70.gif\n', '/cgi-bin/imagemap/countdown70?58', '/shuttle/countdown/liftoff.html\n', '/shuttle/countdown/video/livevideo2.gif\n', '/shuttle/countdown/video/livevideo.jpeg\n']"
dd14-077.compuserve.com,['/shuttle/missions/sts-70/mission-sts-70.html\n']
in24.inetnebr.com,"['/shuttle/missions/sts-68/news/sts-68-mcc-05.txt\n', '/shuttle/missions/sts-68/news/sts-68-mcc-06.txt\n', '/shuttle/missions/sts-68/news/sts-68-mcc-07.txt\n', '/shuttle/missions/sts-68/news/sts-68-mcc-08.txt\n', '/shuttle/missions/sts-68/news/sts-68-mcc-09.txt\n', '/shuttle/missions/sts-68/news/sts-68-mcc-10.txt\n', '/shuttle/missions/sts-68/news/sts-68-mcc-11.txt\n', '/shuttle/missions/sts-68/news/sts-68-mcc-12.txt\n', '/shuttle/missions/sts-68/news/sts-68-mcc-13.txt\n', '/shuttle/missions/sts-68/news/sts-68-mcc-14.txt\n', '/shuttle/missions/sts-68/news/sts-68-mcc-15.txt\n', '/shuttle/missions/sts-68/news/sts-68-mcc-16.txt\n', '/shuttle/missions/sts-68/news/sts-68-mcc-17.txt\n', '/shuttle/missions/sts-68/news/sts-68-mcc-18.txt\n', '/shuttle/missions/sts-68/mission-sts-68.html\n', '/shuttle/missions/sts-76/mission-sts-76.html\n', '/shuttle/missions/sts-76/sts-76-patch-small.gif\n', '/facilities/mlp.html\n', '/images/ksclogosmall.gif\n', '/images/kscmap-tiny.gif\n', '/shuttle/technology/sts-newsref/et.html\n', '/shuttle/technology/images/et_1-small.gif\n', '/shuttle/missions/sts-75/mission-sts-75.html\n', '/shuttle/missions/sts-75/sts-75-patch-small.gif\n', '/shuttle/missions/missions.html\n', '/images/launchmedium.gif\n', '/images/NASA-logosmall.gif\n', '/shuttle/missions/sts-59/mission-sts-59.html\n', '/shuttle/missions/sts-59/sts-59-info.html\n', '/shuttle/missions/sts-59/sts-59-patch-small.gif\n', '/htbin/wais.pl?STS-59\n', '/shuttle/missions/sts-59/news/\n', '/shuttle/missions/sts-59/\n', '/shuttle/missions/sts-59/docs/\n', '/shuttle/technology/sts-newsref/srb.html\n', '/shuttle/missions/sts-59/news/sc940121.sta\n', '/shuttle/technology/images/et-intertank_1-small.gif\n', '/shuttle/missions/sts-59/sts-59-press-kit.txt\n', '/shuttle/technology/sts-newsref/sts-mps.html\n', '/shuttle/missions/sts-59/images/\n', '/shuttle/missions/sts-59/movies/\n', '/shuttle/missions/sts-59/sounds/\n']"
paranet.iea.com,"['/images/\n', '/icons/image.xbm\n', '/icons/blank.xbm\n', '/icons/unknown.xbm\n', '/icons/menu.xbm\n']"
grail911.nando.net,"['/history/apollo/\n', '/icons/blank.xbm\n', '/icons/menu.xbm\n', '/icons/text.xbm\n', '/history/apollo/apollo-13/apollo-13.html\n', '/history/apollo/apollo-13/apollo-13-patch-small.gif\n', '/images/ksclogosmall.gif\n', '/history/apollo/images/footprint-logo.gif\n']"
dd01-045.compuserve.com,"['/shuttle/missions/sts-70/woodpecker.html\n', '/shuttle/missions/sts-70/images/holes-in-et.gif\n', '/shuttle/missions/sts-70/images/woodpecker-on-et.gif\n']"
uplherc.upl.com,"['/\n', '/images/ksclogo-medium.gif\n', '/images/MOSAIC-logosmall.gif\n', '/images/USA-logosmall.gif\n', '/images/WORLD-logosmall.gif\n', '/images/NASA-logosmall.gif\n', '/shuttle/missions/sts-71/mission-sts-71.html\n', '/shuttle/missions/sts-71/sts-71-patch-small.gif\n', '/images/KSC-logosmall.gif\n', '/history/apollo/images/apollo-logo1.gif\n', '/images/launch-logo.gif\n', '/shuttle/resources/orbiters/atlantis.html\n', '/shuttle/resources/orbiters/atlantis-logo.gif\n', '/shuttle/resources/orbiters/orbiters-logo.gif\n', '/images/ksclogosmall.gif\n', '/shuttle/resources/orbiters/challenger.html\n', '/shuttle/resources/orbiters/challenger-logo.gif\n', '/history/apollo/apollo-17/apollo-17.html\n', '/history/apollo/apollo-17/apollo-17-patch-small.gif\n', '/history/apollo/images/footprint-logo.gif\n', '/shuttle/missions/sts-71/images/images.html\n', '/shuttle/missions/sts-71/images/KSC-95EC-0423.gif\n', '/shuttle/missions/sts-71/images/KSC-95EC-0589.gif\n', '/shuttle/missions/sts-71/images/KSC-95EC-0911.gif\n', '/shuttle/missions/sts-71/images/KSC-95EC-0908.jpg\n', '/shuttle/missions/sts-71/images/KSC-95EC-0873.jpg\n', '/shuttle/missions/sts-71/images/KSC-95EC-0948.jpg\n', '/shuttle/missions/sts-68/ksc-srl-image.html\n', '/shuttle/missions/sts-68/images/ksc-upclose.gif\n', '/shuttle/missions/sts-68/images/ksc.gif\n', '/shuttle/missions/sts-66/sts-66-patch-small.gif\n', '/shuttle/missions/sts-66/mission-sts-66.html\n', '/shuttle/missions/sts-63/sts-63-patch-small.gif\n', '/shuttle/missions/sts-63/mission-sts-63.html\n', '/shuttle/resources/orbiters/discovery.html\n', '/shuttle/resources/orbiters/discovery-logo.gif\n', '/shuttle/resources/orbiters/endeavour.html\n', '/shuttle/resources/orbiters/endeavour-logo.gif\n', '/shuttle/missions/sts-63/sts-63-patch.jpg\n', '/shuttle/missions/sts-70/mission-sts-70.html\n', '/shuttle/missions/sts-70/sts-70-patch-small.gif\n', '/facilities/lc39a.html\n', '/images/lc39a-logo.gif\n', '/images/kscmap-tiny.gif\n', '/images/rss.gif\n', '/shuttle/missions/sts-26/mission-sts-26.html\n', '/shuttle/missions/sts-26/sts-26-patch-small.gif\n', '/shuttle/technology/sts-newsref/sts_asm.html\n', '/shuttle/technology/images/srb_mod_compare_6-small.gif\n', '/shuttle/technology/images/srb_mod_compare_1-small.gif\n', '/shuttle/technology/images/srb_mod_compare_3-small.gif\n', '/images/shuttle-patch-logo.gif\n', '/images/shuttle-patch-small.gif\n', '/shuttle/technology/sts-newsref/stsref-toc.html\n', '/shuttle/technology/sts-newsref/sts-av.html\n', '/shuttle/technology/sts-newsref/sts-gnnc.html\n', '/images/launch-small.gif\n', '/shuttle/technology/images/sts_body_2-small.gif\n', '/shuttle/technology/sts-newsref/sts_coord.html\n', '/shuttle/technology/images/crew_compartment_13-small.gif\n', '/shuttle/technology/images/aft_fuselage_2-small.gif\n', '/shuttle/technology/sts-newsref/stsover-launch.html\n', '/shuttle/countdown/\n', '/shuttle/countdown/count70.gif\n', '/cgi-bin/imagemap/countdown70?61', '/shuttle/missions/sts-70/images/images.html\n', '/shuttle/missions/sts-70/images/KSC-95EC-0768.jpg\n', '/cgi-bin/imagemap/countdown70?398', '/cgi-bin/imagemap/countdown70?62', '/shuttle/missions/sts-70/images/KSC-95EC-0711.gif\n', '/shuttle/missions/41-b/41-b-patch-small.gif\n']"
async59.ts-p-caps.caps.maine.edu,"['/software/winvn/winvn.html\n', '/software/winvn/winvn.gif\n', '/images/construct.gif\n', '/software/winvn/bluemarb.gif\n', '/software/winvn/wvsmall.gif\n', '/images/KSC-logosmall.gif\n', '/images/MOSAIC-logosmall.gif\n', '/images/USA-logosmall.gif\n', '/images/WORLD-logosmall.gif\n', '/software/winvn/wvlarge.gif\n']"
maui56.maui.net,"['/shuttle\n', '/shuttle/\n', '/icons/blank.xbm\n', '/icons/menu.xbm\n', '/shuttle/countdown/\n', '/images/NASA-logosmall.gif\n', '/images/KSC-logosmall.gif\n', '/shuttle/countdown/count70.gif\n', '/cgi-bin/imagemap/countdown70?75', '/shuttle/missions/sts-70/images/images.html\n', '/shuttle/missions/sts-70/images/KSC-95EC-0515.gif\n', '/shuttle/missions/sts-70/images/KSC-95EC-1013.gif\n', '/shuttle/missions/sts-70/images/KSC-95EC-1013.jpg\n', '/shuttle/missions/sts-70/images/KSC-95EC-1013.txt\n', '/shuttle/missions/sts-70/images/KSC-95EC-1014.gif\n']"
bdmgate.bdm.com,"['/\n', '/images/ksclogo-medium.gif\n', '/images/WORLD-logosmall.gif\n', '/images/NASA-logosmall.gif\n', '/images/MOSAIC-logosmall.gif\n', '/images/USA-logosmall.gif\n', '/shuttle/missions/missions.html\n', '/images/launchmedium.gif\n', '/images/KSC-logosmall.gif\n']"
www-b3.proxy.aol.com,"['/images/\n', '/shuttle/missions/sts-68/mission-sts-68.html\n', '/shuttle/missions/sts-68/sts-68-patch-small.gif\n', '/images/launch-logo.gif\n', '/images/KSC-logosmall.gif\n', '/shuttle/countdown/\n', '/images/NASA-logosmall.gif\n', '/htbin/cdt_main.pl\n', '/shuttle/countdown/images/countclock.gif\n', '/shuttle/countdown/liftoff.html\n', '/shuttle/countdown/video/livevideo2.gif\n', '/shuttle/missions/missions.html\n', '/images/launchmedium.gif\n', '/shuttle/missions/sts-69/mission-sts-69.html\n', '/shuttle/missions/sts-73/mission-sts-73.html\n', '/shuttle/missions/sts-73/sts-73-patch-small.gif\n', '/shuttle/missions/sts-74/mission-sts-74.html\n', '/shuttle/missions/sts-74/sts-74-patch-small.gif\n', '/shuttle/missions/sts-72/mission-sts-72.html\n', '/shuttle/missions/sts-72/sts-72-patch-small.gif\n']"
tyo1.gate.nec.co.jp,"['/\n', '/images/NASA-logosmall.gif\n']"
ppp1016.po.iijnet.or.jp,"['/\n', '/images/ksclogo-medium.gif\n', '/images/NASA-logosmall.gif\n', '/images/MOSAIC-logosmall.gif\n', '/images/USA-logosmall.gif\n', '/images/WORLD-logosmall.gif\n', '/shuttle/missions/missions.html\n', '/images/launchmedium.gif\n', '/shuttle/missions/sts-36/mission-sts-36.html\n', '/shuttle/missions/sts-36/sts-36-patch-small.gif\n', '/history/history.html\n', '/history/apollo/images/apollo-small.gif\n', '/history/apollo/apollo.html\n', '/history/apollo/images/footprint-small.gif\n', '/history/apollo/apollo-13/apollo-13.html\n', '/history/apollo/apollo-13/apollo-13-patch-small.gif\n', '/images/ksclogosmall.gif\n', '/history/apollo/images/footprint-logo.gif\n', '/ksc.html\n', '/images/KSC-logosmall.gif\n', '/shuttle/missions/sts-56/mission-sts-56.html\n', '/shuttle/missions/sts-56/sts-56-patch-small.gif\n', '/images/launch-logo.gif\n', '/shuttle/missions/sts-54/mission-sts-54.html\n', '/shuttle/missions/sts-54/sts-54-patch-small.gif\n', '/shuttle/resources/orbiters/endeavour.html\n', '/shuttle/resources/orbiters/endeavour-logo.gif\n', '/shuttle/resources/orbiters/orbiters-logo.gif\n', '/shuttle/missions/sts-57/mission-sts-57.html\n', '/shuttle/missions/sts-57/sts-57-patch-small.gif\n', '/shuttle/missions/sts-61/mission-sts-61.html\n', '/shuttle/missions/sts-61/sts-61-patch-small.gif\n', '/shuttle/resources/orbiters/orbiters.html\n', '/images/landing-small.gif\n', '/shuttle/resources/orbiters/challenger.html\n', '/shuttle/resources/orbiters/challenger-logo.gif\n', '/shuttle/missions/51-l/mission-51-l.html\n', '/shuttle/missions/51-l/51-l-patch-small.gif\n', '/history/apollo/images/apollo-logo1.gif\n']"
roy.u-gakugei.ac.jp,"['/whats-new.html\n', '/images/whatsnew.gif\n', '/images/KSC-logosmall.gif\n', '/shuttle/countdown/\n', '/shuttle/countdown/count70.gif\n', '/shuttle/missions/sts-70/mission-sts-70.html\n', '/shuttle/missions/sts-70/sts-70-patch-small.gif\n', '/images/launch-logo.gif\n', '/history/apollo/images/apollo-logo1.gif\n', '/shuttle/resources/orbiters/discovery.html\n', '/shuttle/resources/orbiters/orbiters-logo.gif\n', '/shuttle/resources/orbiters/discovery-logo.gif\n', '/images/ksclogosmall.gif\n', '/shuttle/resources/orbiters/endeavour.html\n', '/shuttle/resources/orbiters/endeavour-logo.gif\n']"
204.248.155.42,"['/images/\n', '/icons/menu.xbm\n', '/icons/image.xbm\n', '/icons/blank.xbm\n']"
dd09-012.compuserve.com,"['/\n', '/images/ksclogo-medium.gif\n', '/images/NASA-logosmall.gif\n', '/images/MOSAIC-logosmall.gif\n', '/images/USA-logosmall.gif\n', '/images/WORLD-logosmall.gif\n', '/facts/facts.html\n', '/images/faq.gif\n', '/images/KSC-logosmall.gif\n', '/facts/faq07.html\n', '/images/ksclogosmall.gif\n', '/ksc.html\n', '/shuttle/missions/sts-70/mission-sts-70.html\n', '/shuttle/missions/sts-70/sts-70-patch-small.gif\n', '/images/launch-logo.gif\n', '/history/apollo/images/apollo-logo1.gif\n', '/shuttle/missions/missions.html\n', '/images/launchmedium.gif\n', '/facts/about_ksc.html\n', '/images/launchpalms-small.gif\n', '/facts/launch-pass.txt\n']"
slip-4-12.ots.utexas.edu,"['/history/gemini/gemini.html\n', '/images/gemini-logo.gif\n', '/history/apollo/images/apollo-logo.gif\n', '/images/ksclogosmall.gif\n', '/history/gemini/movies/gemini-launch.mpg\n']"
ix-min1-02.ix.netcom.com,"['/images/ksclogosmall.gif\n', '/history/apollo/images/footprint-logo.gif\n', '/history/apollo/apollo-12/apollo-12.html\n', '/history/apollo/apollo-12/apollo-12-patch-small.gif\n', '/history/apollo/apollo-12/apollo-12-info.html\n', '/history/apollo/apollo-12/movies/\n', '/icons/menu.xbm\n', '/icons/blank.xbm\n', '/history/apollo/apollo-12/\n', '/icons/text.xbm\n', '/icons/image.xbm\n', '/history/apollo/apollo-12/apollo-12-patch.jpg\n', '/history/apollo/apollo-12/videos/\n', '/icons/movie.xbm\n', '/history/apollo/apollo-12/videos/moonflag.mpg\n', '/history/apollo/apollo-12/sounds/\n', '/history/apollo/apollo-12/images/\n', '/history/apollo/apollo-12/images/69HC1341.GIF\n', '/history/apollo/apollo-16/apollo-16.html\n', '/history/apollo/apollo-16/apollo-16-patch-small.gif\n', '/history/apollo/apollo-16/apollo-16-info.html\n', '/history/apollo/apollo-16/movies/\n', '/history/apollo/apollo-16/\n', '/history/apollo/apollo-16/videos/\n', '/history/apollo/apollo-17/apollo-17.html\n', '/history/apollo/apollo-17/apollo-17-patch-small.gif\n', '/history/apollo/apollo-17/apollo-17-info.html\n', '/history/apollo/apollo-17/movies/\n', '/history/apollo/apollo-17/\n', '/history/apollo/apollo-17/videos/\n', '/shuttle/resources/orbiters/challenger.html\n', '/shuttle/resources/orbiters/challenger-logo.gif\n', '/shuttle/resources/orbiters/orbiters-logo.gif\n', '/shuttle/missions/51-l/mission-51-l.html\n', '/shuttle/missions/51-l/51-l-patch-small.gif\n', '/images/KSC-logosmall.gif\n', '/images/launch-logo.gif\n', '/history/apollo/images/apollo-logo1.gif\n', '/shuttle/missions/missions.html\n', '/images/launchmedium.gif\n', '/images/NASA-logosmall.gif\n', '/shuttle/missions/sts-28/mission-sts-28.html\n', '/shuttle/missions/sts-28/sts-28-patch-small.gif\n', '/history/history.html\n', '/history/apollo/images/apollo-small.gif\n', '/shuttle/missions/sts-30/mission-sts-30.html\n', '/shuttle/missions/sts-30/sts-30-patch-small.gif\n', '/shuttle/resources/orbiters/atlantis.html\n', '/shuttle/resources/orbiters/atlantis-logo.gif\n', '/shuttle/missions/51-j/mission-51-j.html\n', '/shuttle/missions/51-j/51-j-patch-small.gif\n']"
www-c6.proxy.aol.com,"['/shuttle/missions/sts-68/sts-68-patch-small.gif\n', '/images/\n', '/icons/menu.xbm\n', '/icons/blank.xbm\n', '/icons/image.xbm\n', '/icons/unknown.xbm\n', '/images/IMPACT.JPG\n', '/images/cm-map.gif\n', '/images/landing-small.gif\n']"
www-a1.proxy.aol.com,"['/\n', '/images/ksclogo-medium.gif\n', '/images/NASA-logosmall.gif\n', '/images/MOSAIC-logosmall.gif\n', '/images/USA-logosmall.gif\n', '/images/WORLD-logosmall.gif\n', '/shuttle/missions/missions.html\n', '/images/launchmedium.gif\n', '/images/KSC-logosmall.gif\n', '/images/launch.gif\n', '/facilities/lcc.html\n', '/images/ksclogosmall.gif\n', '/images/kscmap-tiny.gif\n', '/images/lcc-small2.gif\n', '/facilities/lc39a.html\n', '/images/lc39a-logo.gif\n', '/shuttle/missions/sts-70/movies/movies.html\n', '/shuttle/missions/sts-70/sts-70-patch-small.gif\n', '/shuttle/missions/sts-70/movies/woodpecker.mpg\n']"
ix-esc-ca1-27.ix.netcom.com,"['/shuttle/missions/sts-68/sts-68-patch-small.gif\n', '/shuttle/missions/sts-68/mission-sts-68.html\n', '/images/KSC-logosmall.gif\n', '/images/launch-logo.gif\n', '/history/apollo/images/apollo-logo1.gif\n']"
slip27.cei.net,"['/software/winvn/winvn.html\n', '/software/winvn/winvn.gif\n', '/images/construct.gif\n', '/software/winvn/bluemarb.gif\n', '/software/winvn/wvsmall.gif\n', '/images/KSC-logosmall.gif\n', '/images/MOSAIC-logosmall.gif\n', '/images/USA-logosmall.gif\n', '/images/WORLD-logosmall.gif\n']"
ykline6.internorth.com,"['/images/\n', '/images/landing-small.gif\n', '/images/flight-deck.gif\n']"
ns2.sharp.co.jp,"['/\n', '/images/ksclogo-medium.gif\n', '/images/NASA-logosmall.gif\n', '/images/MOSAIC-logosmall.gif\n', '/images/USA-logosmall.gif\n', '/images/WORLD-logosmall.gif\n']"
131.235.117.31,"['/images/\n', '/icons/blank.xbm\n', '/icons/menu.xbm\n', '/icons/image.xbm\n', '/icons/unknown.xbm\n']"
pipe1.nyc.pipeline.com,"['/history/apollo/apollo-13/apollo-13.html\n', '/history/apollo/apollo-13/apollo-13-patch-small.gif""\n']"
dd08-043.compuserve.com,"['/shuttle/missions/missions.html\n', '/images/launchmedium.gif\n', '/images/NASA-logosmall.gif\n', '/images/KSC-logosmall.gif\n', '/shuttle/missions/61-c/mission-61-c.html\n', '/shuttle/missions/61-c/61-c-patch-small.gif\n', '/images/launch-logo.gif\n', '/history/apollo/images/apollo-logo1.gif\n', '/shuttle/missions/51-l/mission-51-l.html\n', '/shuttle/missions/51-l/51-l-patch-small.gif\n', '/facilities/lc39a.html\n', '/images/lc39a-logo.gif\n', '/htbin/wais.pl?TISP\n', '/ksc.html\n', '/images/ksclogo-medium.gif\n']"
gikai.eng.nhk.or.jp,"['/elv/DELTA/delta.htm\n', '/elv/elvhead2.gif\n', '/elv/DELTA/dedesc.htm\n']"
rs31-annex3.sfu.ca,"['/htbin/cdt_main.pl\n', '/shuttle/countdown/liftoff.html\n', '/htbin/cdt_clock.pl\n', '/shuttle/countdown/countdown.html\n', '/cgi-bin/imagemap/countdown70?176', '/shuttle/countdown/countdown70.html\n']"
129.94.208.17,['/history/apollo/apollo-13/apollo-13.html\n']
133.43.106.47,"['/\n', '/images/ksclogo-medium.gif\n', '/images/NASA-logosmall.gif\n', '/images/MOSAIC-logosmall.gif\n', '/images/USA-logosmall.gif\n', '/images/WORLD-logosmall.gif\n']"
netcom21.netcom.com,"['/\n', '/images/ksclogo-medium.gif\n', '/images/NASA-logosmall.gif\n', '/images/MOSAIC-logosmall.gif\n', '/images/WORLD-logosmall.gif\n', '/images/USA-logosmall.gif\n', '/shuttle/missions/missions.html\n', '/images/launchmedium.gif\n', '/images/KSC-logosmall.gif\n', '/facts/about_ksc.html\n', '/images/launchpalms-small.gif\n', '/shuttle/countdown/\n', '/shuttle/countdown/count70.gif\n', '/shuttle/missions/sts-70/movies/movies.html\n', '/shuttle/missions/sts-70/sts-70-patch-small.gif\n', '/shuttle/missions/sts-70/movies/woodpecker.mpg\n', '/shuttle/missions/sts-70/movies/sts-70-launch-srbsep.mpg\n']"
31.dn258-lab.marist.edu,"['/\n', '/images/ksclogo-medium.gif\n', '/images/MOSAIC-logosmall.gif\n', '/images/NASA-logosmall.gif\n', '/images/USA-logosmall.gif\n', '/images/WORLD-logosmall.gif\n', '/facts/about_ksc.html\n', '/images/launchpalms-small.gif\n', '/images/KSC-logosmall.gif\n']"
kentnet.dtcc.edu,['/images/\n']
198.248.59.123,"['/shuttle/missions/missions.html\n', '/images/launchmedium.gif\n', '/images/NASA-logosmall.gif\n', '/images/KSC-logosmall.gif\n', '/history/gemini/gemini.html\n', '/images/gemini-logo.gif\n', '/images/ksclogosmall.gif\n', '/history/apollo/images/apollo-logo.gif\n', '/history/gemini/movies/gemini-launch.mpg\n']"
205.163.36.61,"['/shuttle/countdown/countdown.html\n', '/shuttle/countdown/count70.gif\n', '/images/NASA-logosmall.gif\n', '/images/KSC-logosmall.gif\n', '/cgi-bin/imagemap/countdown70?342', '/shuttle/countdown/liftoff.html\n', '/shuttle/countdown/video/livevideo2.gif\n']"
205.161.163.25,"['/shuttle/resources/orbiters/columbia.html\n', '/shuttle/resources/orbiters/columbia-logo.gif\n', '/images/ksclogosmall.gif\n', '/shuttle/resources/orbiters/orbiters-logo.gif\n', '/history/apollo/apollo-11/apollo-11-patch-small.gif\n', '/history/apollo/apollo-11/apollo-11.html\n', '/history/apollo/images/footprint-logo.gif\n', '/facilities/lc39a.html\n', '/images/lc39a-logo.gif\n', '/images/kscmap-tiny.gif\n', '/facilities/mlp.html\n', '/images/mlp-logo.gif\n', '/ksc.html\n', '/images/ksclogo-medium.gif\n', '/images/NASA-logosmall.gif\n', '/images/MOSAIC-logosmall.gif\n', '/images/USA-logosmall.gif\n', '/images/WORLD-logosmall.gif\n', '/shuttle/missions/sts-71/movies/movies.html\n', '/shuttle/missions/sts-71/sts-71-patch-small.gif\n', '/shuttle/missions/sts-53/movies/sts-53-launch.mpg\n']"
xslip47.csrv.uidaho.edu,"['/software/winvn/winvn.html\n', '/software/winvn/winvn.gif\n', '/images/construct.gif\n', '/software/winvn/bluemarb.gif\n', '/software/winvn/wvsmall.gif\n', '/images/KSC-logosmall.gif\n', '/images/MOSAIC-logosmall.gif\n', '/images/USA-logosmall.gif\n', '/images/WORLD-logosmall.gif\n', '/software/winvn/faq/WINVNFAQ-Contents.html\n']"
ppp28.modems.uoknor.edu,"['/shuttle/missions/sts-65/sts-65-patch-small.gif\n', '/shuttle/missions/sts-65/mission-sts-65.html\n']"
rickc.seanet.com,"['/shuttle/countdown/liftoff.html\n', '/images/NASA-logosmall.gif\n', '/shuttle/countdown/./video/livevideo2.gif\n']"
village.islandnet.com,['/shuttle/missions/sts-68/images/ksc-upclose.gif\n']
bonnou.lab.kdd.co.jp,"['/shuttle/technology/images/mission_profile_2-small.gif\n', '/shuttle/technology/images/sts_spec_6-small.gif\n', '/\n', '/images/NASA-logosmall.gif\n', '/images/MOSAIC-logosmall.gif\n', '/images/USA-logosmall.gif\n', '/images/ksclogo-medium.gif\n', '/images/WORLD-logosmall.gif\n', '/shuttle/countdown/\n', '/images/KSC-logosmall.gif\n', '/shuttle/countdown/count70.gif\n', '/cgi-bin/imagemap/countdown70?66', '/shuttle/missions/sts-70/images/images.html\n', '/shuttle/missions/sts-70/mission-sts-70.html\n', '/shuttle/missions/sts-70/sts-70-patch-small.gif\n', '/images/launch-logo.gif\n', '/history/apollo/images/apollo-logo1.gif\n', '/cgi-bin/imagemap/countdown70?400', '/shuttle/technology/images/launch_sites_8-small.gif\n']"
kgtyk4.kj.yamagata-u.ac.jp,"['/\n', '/images/ksclogo-medium.gif\n', '/images/NASA-logosmall.gif\n', '/images/MOSAIC-logosmall.gif\n', '/images/USA-logosmall.gif\n', '/images/WORLD-logosmall.gif\n']"
ix-sd6-29.ix.netcom.com,"['/ksc.html\n', '/images/ksclogo-medium.gif\n', '/images/NASA-logosmall.gif\n', '/images/MOSAIC-logosmall.gif\n', '/images/USA-logosmall.gif\n', '/images/WORLD-logosmall.gif\n']"
pm9.j51.com,"['/facilities/lc39a.html\n', '/images/lc39a-logo.gif\n', '/images/kscmap-tiny.gif\n', '/images/dual-pad.gif\n', '/facilities/mlp.html\n', '/images/mlp-logo.gif\n', '/ksc.html\n', '/images/ksclogo-medium.gif\n', '/images/USA-logosmall.gif\n', '/images/NASA-logosmall.gif\n', '/images/MOSAIC-logosmall.gif\n', '/images/WORLD-logosmall.gif\n', '/history/apollo/apollo-spacecraft.txt\n', '/history/apollo/apollo-goals.txt\n', '/history/apollo/flight-summary.txt\n', '/history/apollo/as-201/as-201.html\n', '/history/apollo/as-201/as-201-patch-small.gif\n', '/history/apollo/apollo-4/apollo-4.html\n', '/history/apollo/apollo-4/apollo-4-patch-small.gif\n', '/history/apollo/apollo-1/apollo-1-info.html\n', '/history/apollo/apollo-1/images/\n', '/icons/blank.xbm\n', '/icons/menu.xbm\n', '/icons/image.xbm\n', '/history/apollo/apollo-1/images/apollo-1-crew.gif\n', '/history/apollo/apollo-1/images/66HC1519.gif\n', '/history/apollo/apollo-1/images/67HC33a.gif\n', '/history/apollo/apollo-1/images/67HC33.gif\n']"
wailua.keck.hawaii.edu,"['/history/apollo/apollo.html\n', '/history/apollo/images/footprint-small.gif\n', '/images/KSC-logosmall.gif\n', '/history/apollo/images/apollo-logo1.gif\n', '/history/apollo/images/footprint.gif\n']"
133.43.96.45,"['/shuttle/missions/sts-69/mission-sts-69.html\n', '/images/KSC-logosmall.gif\n', '/shuttle/missions/sts-69/sts-69-patch-small.gif\n', '/images/launch-logo.gif\n', '/history/apollo/images/apollo-logo1.gif\n', '/shuttle/resources/orbiters/endeavour.html\n', '/images/ksclogosmall.gif\n', '/shuttle/resources/orbiters/orbiters-logo.gif\n', '/shuttle/resources/orbiters/endeavour-logo.gif\n', '/shuttle/missions/sts-72/mission-sts-72.html\n', '/shuttle/missions/sts-72/sts-72-patch-small.gif\n', '/shuttle/resources/orbiters/endeavour.gif\n', '/shuttle/missions/sts-49/mission-sts-49.html\n', '/shuttle/missions/sts-49/sts-49-patch-small.gif\n', '/shuttle/missions/sts-57/mission-sts-57.html\n', '/shuttle/missions/sts-57/sts-57-patch-small.gif\n', '/facilities/lc39a.html\n', '/images/lc39a-logo.gif\n', '/images/kscmap-tiny.gif\n', '/history/apollo/apollo.html\n', '/history/apollo/images/footprint-small.gif\n', '/history/apollo/apollo-13/apollo-13.html\n', '/history/apollo/apollo-13/apollo-13-patch-small.gif\n', '/history/apollo/images/footprint-logo.gif\n', '/history/apollo/apollo-13/apollo-13-patch.jpg\n', '/history/apollo/images/footprint.gif\n', '/ksc.html\n', '/images/ksclogo-medium.gif\n', '/images/MOSAIC-logosmall.gif\n', '/images/USA-logosmall.gif\n', '/images/NASA-logosmall.gif\n', '/images/WORLD-logosmall.gif\n', '/statistics/statistics.html\n', '/icon/new01.gif\n', '/statistics/images/getstats_big.gif\n', '/statistics/images/statsm.gif\n']"
loose.apana.org.au,['/facts/faq10.html\n']
www-b5.proxy.aol.com,"['/\n', '/history/history.html\n', '/images/KSC-logosmall.gif\n', '/history/apollo/images/apollo-small.gif\n', '/history/apollo/apollo.html\n', '/history/apollo/images/footprint-small.gif\n', '/history/apollo/images/apollo-logo1.gif\n', '/history/apollo/apollo-13/apollo-13.html\n', '/images/ksclogosmall.gif\n', '/history/apollo/images/footprint-logo.gif\n', '/images/\n', '/history/skylab/skylab.html\n', '/history/skylab/skylab-small.gif\n', '/history/apollo/images/apollo-logo.gif\n', '/history/skylab/skylab-2.html\n', '/history/skylab/skylab-logo.gif\n', '/history/skylab/skylab-4.html\n', '/history/skylab/skylab-4-small.gif\n', '/ksc.html\n', '/whats-new.html\n', '/images/whatsnew.gif\n', '/shuttle/countdown/liftoff.html\n', '/shuttle/countdown/video/livevideo2.gif\n', '/shuttle/countdown/countdown.html\n', '/icons/image.xbm\n']"
ix-aa1-04.ix.netcom.com,"['/history/mercury/mercury.html\n', '/history/mercury/ma-7/ma-7.html\n']"
prakinf2.prakinf.tu-ilmenau.de,"['/images/shuttle-patch-small.gif\n', '/shuttle/technology/sts-newsref/stsref-toc.html\n', '/shuttle/technology/sts-newsref/sts_mes.html\n', '/images/shuttle-patch-logo.gif\n', '/shuttle/technology/sts-newsref/carriers.html\n', '/shuttle/technology/sts-newsref/spacelab.html\n', '/shuttle/technology/sts-newsref/centers.html\n', '/shuttle/technology/sts-newsref/sts-lc39.html\n', '/shuttle/technology/sts-newsref/sts-lcc.html\n', '/images/launch-small.gif\n', '/images/ksclogosmall.gif\n', '/shuttle/technology/sts-newsref/sts-jsc.html\n']"
server.elysian.net,"['/images/\n', '/images/crawler-logo.gif\n']"
piweba4y.prodigy.com,"['/images/launchmedium.gif\n', '/images/NASA-logosmall.gif\n', '/images/KSC-logosmall.gif\n', '/history/history.html\n', '/history/apollo/images/apollo-small.gif\n', '/history/apollo/apollo.html\n', '/history/apollo/images/footprint-small.gif\n', '/history/apollo/images/apollo-logo1.gif\n', '/history/apollo/apollo-13/apollo-13.html\n', '/history/apollo/apollo-13/apollo-13-patch-small.gif\n', '/images/ksclogosmall.gif\n', '/history/apollo/images/footprint-logo.gif\n', '/shuttle/missions/sts-71/mission-sts-71.html\n']"
line10.pm1.abb.mindlink.net,"['/shuttle/countdown/\n', '/images/NASA-logosmall.gif\n', '/images/KSC-logosmall.gif\n', '/shuttle/countdown/count70.gif\n', '/cgi-bin/imagemap/countdown70?289', '/htbin/cdt_main.pl\n', '/shuttle/countdown/images/countclock.gif\n', '/cgi-bin/imagemap/countdown70?181', '/shuttle/missions/sts-70/movies/movies.html\n', '/shuttle/missions/sts-70/sts-70-patch-small.gif\n', '/shuttle/missions/sts-70/movies/woodpecker.mpg\n']"
dialup515.washington.mci.net,"['/shuttle/missions/sts-65/sts-65-patch-small.gif\n', '/shuttle/missions/sts-65/mission-sts-65.html\n', '/images/KSC-logosmall.gif\n', '/history/apollo/images/apollo-logo1.gif\n', '/images/launch-logo.gif\n', '/htbin/wais.pl?NIZEMI\n', '/news/sci.space.news/1608\n']"
mccaughey-thoma.eigenmann.indiana.edu,"['/shuttle/technology/sts-newsref/carriers.html\n', '/images/KSC-logosmall.gif\n', '/images/shuttle-patch-logo.gif\n', '/ksc.html\n', '/images/ksclogo-medium.gif\n', '/images/NASA-logosmall.gif\n', '/images/MOSAIC-logosmall.gif\n', '/images/USA-logosmall.gif\n']"
139.230.35.135,"['/shuttle/missions/sts-49/mission-sts-49.html\n', '/shuttle/countdown/\n', '/images/KSC-logosmall.gif\n', '/images/NASA-logosmall.gif\n', '/shuttle/countdown/count70.gif\n', '/htbin/cdt_main.pl\n', '/shuttle/countdown/images/countclock.gif\n', '/shuttle/countdown/liftoff.html\n', '/shuttle/missions/sts-70/images/images.html\n', '/shuttle/missions/sts-70/images/KSC-95EC-1059.gif\n']"
158.104.96.2,"['/history/apollo/apollo.html\n', '/history/apollo/images/footprint-small.gif\n', '/images/KSC-logosmall.gif\n', '/history/apollo/images/apollo-logo1.gif\n']"
gregver.cais.com,"['/software/winvn/winvn.html\n', '/software/winvn/winvn.gif\n', '/images/construct.gif\n', '/software/winvn/bluemarb.gif\n', '/software/winvn/wvsmall.gif\n', '/images/KSC-logosmall.gif\n', '/images/MOSAIC-logosmall.gif\n', '/images/USA-logosmall.gif\n', '/images/WORLD-logosmall.gif\n']"
line114.nwm.mindlink.net,"['/shuttle/missions/missions.html\n', '/images/launchmedium.gif\n', '/images/KSC-logosmall.gif\n', '/images/NASA-logosmall.gif\n', '/images/launch.gif\n', '/shuttle/missions/sts-57/mission-sts-57.html\n', '/images/launch-logo.gif\n', '/shuttle/missions/sts-57/sts-57-patch-small.gif\n', '/shuttle/missions/sts-57/sts-57-patch.jpg\n']"
tia1.eskimo.com,"['/software/winvn/winvn.html\n', '/software/winvn/winvn.gif\n', '/images/construct.gif\n', '/software/winvn/bluemarb.gif\n', '/software/winvn/wvsmall.gif\n', '/images/KSC-logosmall.gif\n', '/images/MOSAIC-logosmall.gif\n', '/images/WORLD-logosmall.gif\n', '/images/USA-logosmall.gif\n', '/software/winvn/wvlarge.gif\n', '/pub/winvn/release.txt\n']"
sunset.somcau.siu.edu,"['/shuttle/missions/sts-66/sts-66-patch-small.gif\n', '/shuttle/missions/sts-66/mission-sts-66.html\n', '/images/KSC-logosmall.gif\n', '/images/launch-logo.gif\n', '/history/apollo/images/apollo-logo1.gif\n']"
205.199.120.118,"['/\n', '/images/ksclogo-medium.gif\n', '/images/NASA-logosmall.gif\n', '/images/MOSAIC-logosmall.gif\n', '/images/USA-logosmall.gif\n', '/images/WORLD-logosmall.gif\n', '/shuttle/countdown/\n', '/images/KSC-logosmall.gif\n', '/shuttle/countdown/count70.gif\n', '/cgi-bin/imagemap/countdown70?59']"
columbia.acc.brad.ac.uk,"['/ksc.html""\n', '/images/ksclogo-medium.gif""\n', '/images/NASA-logosmall.gif""\n', '/images/MOSAIC-logosmall.gif""\n', '/images/USA-logosmall.gif""\n', '/images/WORLD-logosmall.gif""\n']"
ix-sea6-23.ix.netcom.com,"['/software/winvn/winvn.html\n', '/software/winvn/winvn.gif\n', '/images/construct.gif\n', '/software/winvn/bluemarb.gif\n', '/software/winvn/wvsmall.gif\n', '/images/KSC-logosmall.gif\n', '/images/MOSAIC-logosmall.gif\n', '/images/USA-logosmall.gif\n', '/images/WORLD-logosmall.gif\n']"
roseanne06.slip.yorku.ca,"['/\n', '/images/ksclogo-medium.gif\n', '/images/NASA-logosmall.gif\n', '/images/MOSAIC-logosmall.gif\n']"
ad11-061.compuserve.com,"['/\n', '/images/ksclogo-medium.gif\n', '/images/NASA-logosmall.gif\n', '/images/MOSAIC-logosmall.gif\n', '/images/USA-logosmall.gif\n', '/images/WORLD-logosmall.gif\n', '/shuttle/countdown/\n', '/images/KSC-logosmall.gif\n', '/shuttle/countdown/count70.gif\n', '/cgi-bin/imagemap/countdown70?183', '/shuttle/missions/sts-70/movies/movies.html\n', '/shuttle/missions/sts-70/sts-70-patch-small.gif\n', '/shuttle/missions/sts-70/movies/sts-70-launch.mpg\n']"
www-c2.proxy.aol.com,['/images/\n']
hun8.ramlink.net,"['/shuttle/missions/sts-68/mission-sts-68.html\n', '/shuttle/missions/sts-68/sts-68-patch-small.gif\n', '/images/KSC-logosmall.gif\n', '/images/launch-logo.gif\n', '/history/apollo/images/apollo-logo1.gif\n']"
palpk-s13.intac.com,"['/images/\n', '/icons/blank.xbm\n', '/icons/menu.xbm\n', '/icons/image.xbm\n', '/icons/unknown.xbm\n', '/images/NASAseal-small.gif\n', '/images/KSC-94EC-412-small.gif\n', '/images/bluemarb.gif\n', '/images/construct.gif\n', '/images/de-logo.gif\n', '/images/crawler-logo.gif\n', '/images/whatsnew.gif\n', '/images/slf-logo.gif\n', '/images/op.gif\n', '/images/imagemaps/\n', '/icons/text.xbm\n', '/images/imagemaps/stats.map\n', '/images/hq.gif\n']"
endeavor.fujitsu.co.jp,"['/shuttle/missions/sts-68/ksc-srl-image.html\n', '/facts/about_ksc.html\n', '/images/launchpalms-small.gif\n', '/ksc.html\n', '/shuttle/missions/missions.html\n', '/shuttle/missions/sts-1/mission-sts-1.html\n', '/shuttle/missions/sts-1/sts-1-patch-small.gif\n', '/history/history.html\n', '/history/apollo/images/apollo-small.gif\n', '/shuttle/missions/sts-70/mission-sts-70.html\n', '/shuttle/missions/sts-70/sts-70-patch-small.gif\n']"
